Risk_Score,Race,Gender,Age_Cat,Edu_Cat,Freq_nhanes,Mean_Tchols,Err_Tchols,Mean_HDL,Err_HDL,Mean_bp,Err_bp,smoking_stat
1,WhiteNH,Male,Age_35_44,HS_or_less,22.4598,187.1623324,1.233118601,60.89983672,0.543609528,107.3814291,0.458081145,0
2,WhiteNH,Male,Age_35_44,HS_or_less,13.2286,187.6041149,2.315686076,61.08083569,1.125877124,107.9459007,0.750879048,1
3,WhiteNH,Male,Age_35_44,HS_or_less,26.6839,192.4710368,1.222714623,59.92764362,0.604725669,132.5911177,0.588732062,0
4,WhiteNH,Male,Age_35_44,HS_or_less,4.73954,258.950802,1.988178758,64.03083417,1.458828015,108.2244547,0.611311323,0
5,WhiteNH,Male,Age_35_44,HS_or_less,55.5571,174.8178816,1.410596921,37.29879488,0.459373891,108.9285545,0.465285277,0
6,WhiteNH,Male,Age_35_44,HS_or_less,18.6004,189.8253626,2.047799767,62.65248685,1.037809699,134.6679472,0.958888405,1
7,WhiteNH,Male,Age_35_44,HS_or_less,3.83596,257.9741904,3.498534498,63.04617388,2.077773336,107.5117186,1.092518786,1
8,WhiteNH,Male,Age_35_44,HS_or_less,39.2274,179.8524531,2.133056199,35.57548491,0.490724279,108.2808164,0.649383407,1
9,WhiteNH,Male,Age_35_44,HS_or_less,58.8125,181.8016458,1.308936341,36.49022566,0.451761198,132.1959537,0.546981704,0
10,WhiteNH,Male,Age_35_44,HS_or_less,7.67144,260.7093844,2.426866244,36.74965693,0.80509818,109.4683522,0.943593585,0
11,WhiteNH,Male,Age_35_44,HS_or_less,9.17972,267.0223758,2.150477152,66.3313372,1.377200328,133.8559292,0.812992093,0
12,WhiteNH,Male,Age_35_44,HS_or_less,10.7962,264.6725712,4.404081159,65.25444103,2.221868787,140.3641248,2.605152414,1
13,WhiteNH,Male,Age_35_44,HS_or_less,29.2713,182.8277032,1.884064398,35.35497294,0.455752276,132.964668,0.833409243,1
14,WhiteNH,Male,Age_35_44,HS_or_less,7.58779,267.0703283,3.676785127,35.76656597,1.197684818,108.7180992,1.071844687,1
15,WhiteNH,Male,Age_35_44,HS_or_less,9.27077,270.2659218,3.799994244,36.31549919,0.585269756,135.5679469,1.169045922,0
16,WhiteNH,Male,Age_35_44,HS_or_less,8.33483,273.0921457,3.790212132,36.00086324,1.188414567,137.6377208,3.332743429,1
1,WhiteNH,Male,Age_35_44,some_coll_,81.5402,187.4601898,1.217989245,62.69615766,0.556411352,106.2626999,0.358754999,0
2,WhiteNH,Male,Age_35_44,some_coll_,10.0269,187.9019723,2.287084065,62.87715663,1.119667942,106.8271715,0.783556438,1
3,WhiteNH,Male,Age_35_44,some_coll_,71.3161,192.7688942,1.144389551,61.72396455,0.621010428,131.4723885,0.491408672,0
4,WhiteNH,Male,Age_35_44,some_coll_,15.5136,259.2486594,2.094829228,65.82715511,1.510151777,107.1057255,0.633025016,0
5,WhiteNH,Male,Age_35_44,some_coll_,133.694,175.115739,1.383096365,39.09511581,0.426423267,107.8098253,0.333207087,0
6,WhiteNH,Male,Age_35_44,some_coll_,22.3996,190.12322,2.052584847,64.44880779,1.075069873,133.549218,0.852973542,1
7,WhiteNH,Male,Age_35_44,some_coll_,4.16404,258.2720478,3.393597582,64.84249482,2.091448213,106.3929894,1.119440828,1
8,WhiteNH,Male,Age_35_44,some_coll_,25.7726,180.1503105,2.170530022,37.37180584,0.499981877,107.1620872,0.680707831,1
9,WhiteNH,Male,Age_35_44,some_coll_,126.357,182.0995032,1.221144655,38.2865466,0.442849739,131.0772245,0.458824387,0
10,WhiteNH,Male,Age_35_44,some_coll_,20.3286,261.0072418,2.543707133,38.54597787,0.805384573,108.349623,0.900130475,0
11,WhiteNH,Male,Age_35_44,some_coll_,24.8203,267.3202332,2.135529213,68.12765814,1.355110469,132.7372,0.771875495,0
12,WhiteNH,Male,Age_35_44,some_coll_,10.2038,264.9704286,4.423467135,67.05076197,2.242871723,139.2453956,2.610567431,1
13,WhiteNH,Male,Age_35_44,some_coll_,27.7287,183.1255606,1.765449875,37.15129388,0.479369314,131.8459388,0.804949475,1
14,WhiteNH,Male,Age_35_44,some_coll_,8.41221,267.3681857,3.675388759,37.56288691,1.191324213,107.59937,1.077714992,1
15,WhiteNH,Male,Age_35_44,some_coll_,33.7292,270.5637792,4.081246571,38.11182012,0.58951092,134.4492177,1.228634699,0
16,WhiteNH,Male,Age_35_44,some_coll_,4.66517,273.3900031,3.857415071,37.79718417,1.252538486,136.5189916,3.344377998,1
1,WhiteNH,Male,Age_45_54,HS_or_less,22.7193,190.9190109,1.236426453,61.62310114,0.573506233,108.1241239,0.465841417,0
2,WhiteNH,Male,Age_45_54,HS_or_less,13.9822,191.3607934,2.389362984,61.80410012,1.124275995,108.6885955,0.741144674,1
3,WhiteNH,Male,Age_45_54,HS_or_less,34.3168,196.2277153,1.235553225,60.65090804,0.69613809,133.3338125,0.594020335,0
4,WhiteNH,Male,Age_45_54,HS_or_less,8.59221,262.7074805,2.153818073,64.75409859,1.415143523,108.9671495,0.62848403,0
5,WhiteNH,Male,Age_45_54,HS_or_less,48.2613,178.5745602,1.36382942,38.0220593,0.458704581,109.6712494,0.423879564,0
6,WhiteNH,Male,Age_45_54,HS_or_less,18.2841,193.5820411,1.971673508,63.37575127,1.077140056,135.410642,0.834267865,1
7,WhiteNH,Male,Age_45_54,HS_or_less,3.87755,261.7308689,3.512334977,63.7694383,1.991131335,108.2544134,1.008975256,1
8,WhiteNH,Male,Age_45_54,HS_or_less,27.8662,183.6091316,2.170006055,36.29874933,0.446274885,109.0235112,0.681377919,1
9,WhiteNH,Male,Age_45_54,HS_or_less,64.7925,185.5583243,1.306516883,37.21349008,0.411152393,132.9386485,0.49654748,0
10,WhiteNH,Male,Age_45_54,HS_or_less,16.634,264.4660629,2.584371588,37.47292135,0.7693361,110.211047,0.96860318,0
11,WhiteNH,Male,Age_45_54,HS_or_less,9.7164,270.7790543,2.288405257,67.05460162,1.380550146,134.598624,0.818214247,0
12,WhiteNH,Male,Age_45_54,HS_or_less,11.4932,268.4292497,4.453325303,65.97770545,2.279539323,141.1068196,2.626156974,1
13,WhiteNH,Male,Age_45_54,HS_or_less,35.1968,186.5843817,2.086554368,36.07823736,0.37665116,133.7073628,0.824567631,1
14,WhiteNH,Male,Age_45_54,HS_or_less,6.60517,270.8270068,3.413570164,36.48983039,1.161904029,109.460794,0.997629625,1
15,WhiteNH,Male,Age_45_54,HS_or_less,17.3017,274.0226004,4.045184324,37.03876361,0.614910085,136.3106417,1.19874609,0
16,WhiteNH,Male,Age_45_54,HS_or_less,13.7899,276.8488242,3.901364665,36.72412766,1.115690862,138.3804156,3.265719472,1
1,WhiteNH,Male,Age_45_54,some_coll_,118.281,191.2168683,1.262033285,63.41942208,0.561586652,107.0053947,0.425200722,0
2,WhiteNH,Male,Age_45_54,some_coll_,9.27333,191.6586508,2.382953694,63.60042105,1.105640724,107.5698663,0.802718748,1
3,WhiteNH,Male,Age_45_54,some_coll_,74.6832,196.5255727,1.20093692,62.44722898,0.690620701,132.2150833,0.54097857,0
4,WhiteNH,Male,Age_45_54,some_coll_,18.7496,263.0053379,2.274961172,66.55041953,1.458560352,107.8484203,0.683324174,0
5,WhiteNH,Male,Age_45_54,some_coll_,163.019,178.8724176,1.37268492,39.81838024,0.391931397,108.5525201,0.345153693,0
6,WhiteNH,Male,Age_45_54,some_coll_,18.7159,193.8798985,2.002043559,65.17207221,1.100611128,134.2919128,0.740959091,1
7,WhiteNH,Male,Age_45_54,some_coll_,1.12245,262.0287263,3.422618768,65.56575924,1.998500809,107.1356842,1.059482019,1
8,WhiteNH,Male,Age_45_54,some_coll_,18.1338,183.906989,2.229632128,38.09507027,0.425112607,107.904782,0.742199989,1
9,WhiteNH,Male,Age_45_54,some_coll_,194.445,185.8561817,1.259336178,39.00981102,0.365324372,131.8199193,0.450345252,0
10,WhiteNH,Male,Age_45_54,some_coll_,18.366,264.7639203,2.713080175,39.26924229,0.751483308,109.0923178,0.950251941,0
11,WhiteNH,Male,Age_45_54,some_coll_,41.2836,271.0769117,2.296474032,68.85092256,1.348313852,133.4798948,0.805748599,0
12,WhiteNH,Male,Age_45_54,some_coll_,2.50677,268.7271071,4.483781687,67.77402639,2.294005249,139.9880904,2.640050053,1
13,WhiteNH,Male,Age_45_54,some_coll_,40.8032,186.8822391,2.005463801,37.8745583,0.369240833,132.5886336,0.823532077,1
14,WhiteNH,Male,Age_45_54,some_coll_,1.39483,271.1248642,3.426843481,38.28615133,1.143334301,108.3420648,1.026062402,1
15,WhiteNH,Male,Age_45_54,some_coll_,36.6983,274.3204577,4.322174783,38.83508455,0.596225416,135.1919125,1.274671588,0
16,WhiteNH,Male,Age_45_54,some_coll_,4.21009,277.1466816,3.979403296,38.5204486,1.172039875,137.2616864,3.284437503,1
1,WhiteNH,Male,Age_55_64,HS_or_less,15.4529,188.1573353,1.387381854,62.7571313,0.617169718,110.1029311,0.428037482,0
2,WhiteNH,Male,Age_55_64,HS_or_less,13.139,188.5991178,2.265088459,62.93813027,1.153607852,110.6674028,0.7455695,1
3,WhiteNH,Male,Age_55_64,HS_or_less,51.7473,193.4660396,1.460026306,61.78493819,0.699107779,135.3126198,0.579309045,0
4,WhiteNH,Male,Age_55_64,HS_or_less,4.30753,259.9458049,2.193482379,65.88812875,1.508127098,110.9459568,0.545469093,0
5,WhiteNH,Male,Age_55_64,HS_or_less,44.2315,175.8128845,1.544729515,39.15608945,0.513140978,111.6500566,0.458863133,0
6,WhiteNH,Male,Age_55_64,HS_or_less,23.0094,190.8203655,2.24236768,64.50978143,1.022383003,137.3894493,0.921788075,1
7,WhiteNH,Male,Age_55_64,HS_or_less,3.28649,258.9691933,3.459010462,64.90346846,1.940611007,110.2332206,0.967409297,1
8,WhiteNH,Male,Age_55_64,HS_or_less,16.2876,180.847456,2.309496917,37.43277948,0.495034463,111.0023185,0.622040451,1
9,WhiteNH,Male,Age_55_64,HS_or_less,98.5694,182.7966487,1.408909299,38.34752023,0.40487163,134.9174558,0.498111646,0
10,WhiteNH,Male,Age_55_64,HS_or_less,5.66305,261.7043873,2.654372624,38.6069515,0.823921654,112.1898543,0.8816818,0
11,WhiteNH,Male,Age_55_64,HS_or_less,16.8772,268.0173787,2.167523446,68.18863178,1.488800774,136.5774313,0.797976224,0
12,WhiteNH,Male,Age_55_64,HS_or_less,7.19744,265.6675741,4.137132234,67.11173561,2.289896547,143.0856268,2.658359811,1
13,WhiteNH,Male,Age_55_64,HS_or_less,34.169,183.8227061,2.026996287,37.21226752,0.522108136,135.68617,0.826090456,1
14,WhiteNH,Male,Age_55_64,HS_or_less,0.807037,268.0653311,3.898889343,37.62386054,1.081852465,111.4396013,0.953084185,1
15,WhiteNH,Male,Age_55_64,HS_or_less,11.3195,271.2609247,3.95471177,38.17279376,0.62459514,138.289449,1.243327304,0
16,WhiteNH,Male,Age_55_64,HS_or_less,13.3823,274.0871485,3.637518329,37.85815781,1.077472572,140.3592229,3.320523442,1
1,WhiteNH,Male,Age_55_64,some_coll_,72.5471,188.4551927,1.42204139,64.55345224,0.624144878,108.9842019,0.373487498,0
2,WhiteNH,Male,Age_55_64,some_coll_,16.1833,188.8969752,2.265708329,64.73445121,1.145183031,109.5486736,0.802137916,1
3,WhiteNH,Male,Age_55_64,some_coll_,142.253,193.763897,1.442473639,63.58125913,0.70942836,134.1938906,0.517577069,0
4,WhiteNH,Male,Age_55_64,some_coll_,9.86969,260.2436623,2.319757888,67.68444969,1.556085682,109.8272276,0.601635836,0
5,WhiteNH,Male,Age_55_64,some_coll_,135.006,176.1107419,1.563271617,40.95241039,0.478228177,110.5313274,0.377494318,0
6,WhiteNH,Male,Age_55_64,some_coll_,30.9906,191.1182228,2.276464468,66.30610236,1.057624393,136.2707201,0.833786638,1
7,WhiteNH,Male,Age_55_64,some_coll_,0.713513,259.2670507,3.37282838,66.69978939,1.953857919,109.1144914,1.016287965,1
8,WhiteNH,Male,Age_55_64,some_coll_,22.7124,181.1453134,2.372657755,39.22910042,0.498805345,109.8835893,0.682648281,1
9,WhiteNH,Male,Age_55_64,some_coll_,183.689,183.0945061,1.377447758,40.14384117,0.387975311,133.7987265,0.443684636,0
10,WhiteNH,Male,Age_55_64,some_coll_,8.33695,262.0022447,2.785842283,40.40327244,0.820904512,111.0711251,0.857110743,0
11,WhiteNH,Male,Age_55_64,some_coll_,42.1228,268.3152361,2.18370051,69.98495272,1.466542695,135.4587021,0.780392019,0
12,WhiteNH,Male,Age_55_64,some_coll_,6.80256,265.9654315,4.173901143,68.90805654,2.30910696,141.9668976,2.67067971,1
13,WhiteNH,Male,Age_55_64,some_coll_,34.831,184.1205635,1.951995272,39.00858846,0.537826925,134.5674408,0.820492623,1
14,WhiteNH,Male,Age_55_64,some_coll_,1.19296,268.3631885,3.91478336,39.42018148,1.072280423,110.3208721,0.978978063,1
15,WhiteNH,Male,Age_55_64,some_coll_,34.6805,271.5587821,4.241558616,39.9691147,0.624241637,137.1707198,1.313829385,0
16,WhiteNH,Male,Age_55_64,some_coll_,5.61774,274.3850059,3.725579096,39.65447875,1.145446075,139.2404937,3.337809367,1
1,WhiteNH,Male,Age_65_74,HS_or_less,23.9324,180.797047,1.391335989,63.1411509,0.719561293,112.4439174,0.470630741,0
2,WhiteNH,Male,Age_65_74,HS_or_less,7.35822,181.2388294,2.520121395,63.32214987,1.19526855,113.008389,0.832475868,1
3,WhiteNH,Male,Age_65_74,HS_or_less,42.5097,186.1057513,1.326122024,62.16895779,0.675279705,137.653606,0.538368109,0
4,WhiteNH,Male,Age_65_74,HS_or_less,0.970794,252.5855166,2.251846419,66.27214835,1.549269431,113.286943,0.692598087,0
5,WhiteNH,Male,Age_65_74,HS_or_less,36.4198,168.4525962,1.4382854,39.54010905,0.541953948,113.9910428,0.543392306,0
6,WhiteNH,Male,Age_65_74,HS_or_less,8.22739,183.4600771,2.17297767,64.89380102,1.156213497,139.7304355,0.936592272,1
7,WhiteNH,Male,Age_65_74,HS_or_less,0,251.608905,3.759017859,65.28748805,2.035891677,112.5742069,1.126864021,1
8,WhiteNH,Male,Age_65_74,HS_or_less,13.1684,173.4871677,2.528678313,37.81679908,0.516644658,113.3433047,0.77467474,1
9,WhiteNH,Male,Age_65_74,HS_or_less,73.1417,175.4363603,1.410367901,38.73153983,0.477152474,137.258442,0.625960332,0
10,WhiteNH,Male,Age_65_74,HS_or_less,4.03206,254.344099,2.688559859,38.9909711,0.862919234,114.5308405,0.987017749,0
11,WhiteNH,Male,Age_65_74,HS_or_less,6.5952,260.6570904,2.164390589,68.57265138,1.639324112,138.9184175,0.826253338,0
12,WhiteNH,Male,Age_65_74,HS_or_less,0.514103,258.3072857,4.654544873,67.49575521,2.465503939,145.4266131,2.634816706,1
13,WhiteNH,Male,Age_65_74,HS_or_less,8.79975,176.4624178,2.069982282,37.59628712,0.576325839,138.0271563,0.866822768,1
14,WhiteNH,Male,Age_65_74,HS_or_less,0,260.7050428,3.487675902,38.00788014,1.136241954,113.7805875,1.058111207,1
15,WhiteNH,Male,Age_65_74,HS_or_less,6.04956,263.9006364,4.186269465,38.55681336,0.757425517,140.6304352,1.25004882,0
16,WhiteNH,Male,Age_65_74,HS_or_less,1.493,266.7268602,4.152681719,38.24217741,1.079515257,142.7002091,3.386563056,1
1,WhiteNH,Male,Age_65_74,some_coll_,52.0676,181.0949044,1.452269568,64.93747184,0.752715195,111.3251882,0.461989656,0
2,WhiteNH,Male,Age_65_74,some_coll_,6.79734,181.5366868,2.535688882,65.11847081,1.203932451,111.8896598,0.90345545,1
3,WhiteNH,Male,Age_65_74,some_coll_,128.49,186.4036087,1.335496449,63.96527873,0.714627829,136.5348768,0.507731815,0
4,WhiteNH,Male,Age_65_74,some_coll_,10.1684,252.883374,2.390945789,68.06846929,1.608522434,112.1682138,0.761436524,0
5,WhiteNH,Male,Age_65_74,some_coll_,77.7314,168.7504536,1.483978275,41.33642999,0.547042914,112.8723136,0.5127242,0
6,WhiteNH,Male,Age_65_74,some_coll_,8.77261,183.7579345,2.225265685,66.69012196,1.204277936,138.6117063,0.870848039,1
7,WhiteNH,Male,Age_65_74,some_coll_,0,251.9067624,3.690166789,67.08380899,2.058299772,111.4554777,1.184249688,1
8,WhiteNH,Male,Age_65_74,some_coll_,14.8316,173.7850251,2.601122947,39.61312002,0.557514753,112.2245755,0.845493718,1
9,WhiteNH,Male,Age_65_74,some_coll_,128.042,175.7342177,1.4061907,40.52786077,0.504412165,136.1397128,0.613377131,0
10,WhiteNH,Male,Age_65_74,some_coll_,2.96794,254.6419564,2.831867771,40.78729204,0.883074331,113.4121113,0.983434994,0
11,WhiteNH,Male,Age_65_74,some_coll_,23.4048,260.9549478,2.197925023,70.36897232,1.631489081,137.7996883,0.831026203,0
12,WhiteNH,Male,Age_65_74,some_coll_,0.485897,258.6051431,4.695345925,69.29207614,2.491427657,144.3078838,2.653973742,1
13,WhiteNH,Male,Age_65_74,some_coll_,9.20025,176.7602751,2.01551383,39.39260806,0.623671157,136.9084271,0.881945993,1
14,WhiteNH,Male,Age_65_74,some_coll_,0,261.0029002,3.516243963,39.80420108,1.144805517,112.6618583,1.097858019,1
15,WhiteNH,Male,Age_65_74,some_coll_,6.95044,264.1984938,4.466746478,40.3531343,0.783201947,139.511706,1.333630849,0
16,WhiteNH,Male,Age_65_74,some_coll_,2.507,267.0247176,4.238993185,40.03849835,1.164734349,141.5814799,3.408748905,1
1,WhiteNH,Male,Age_75_,HS_or_less,12.4356,176.3495462,1.28665271,62.35677416,0.6423932,116.2766345,0.631995276,0
2,WhiteNH,Male,Age_75_,HS_or_less,0.291942,176.7913287,2.423469018,62.53777313,1.176346498,116.8411062,1.037649025,1
3,WhiteNH,Male,Age_75_,HS_or_less,50.7423,181.6582506,1.130528167,61.38458105,0.610677487,141.4863232,0.701604262,0
4,WhiteNH,Male,Age_75_,HS_or_less,3.38993,248.1380158,2.146932646,65.48777161,1.559011583,117.1196602,0.822470591,0
5,WhiteNH,Male,Age_75_,HS_or_less,26.5304,164.0050954,1.272216258,38.75573231,0.551456122,117.82376,0.608083721,0
6,WhiteNH,Male,Age_75_,HS_or_less,4.87876,179.0125764,2.173998867,64.10942428,1.018803537,143.5631527,0.925208608,1
7,WhiteNH,Male,Age_75_,HS_or_less,0,247.1614042,3.597135073,64.50311131,2.019787243,116.406924,1.03498693,1
8,WhiteNH,Male,Age_75_,HS_or_less,0.450419,169.0396669,2.544615559,37.03242234,0.499118351,117.1760219,0.872667305,1
9,WhiteNH,Male,Age_75_,HS_or_less,78.6838,170.9888596,1.194744198,37.94716309,0.449553557,141.0911592,0.638212325,0
10,WhiteNH,Male,Age_75_,HS_or_less,0.999448,249.8965982,2.797108375,38.20659436,0.840583667,118.3635577,1.036319242,0
11,WhiteNH,Male,Age_75_,HS_or_less,4.63143,256.2095896,2.08343691,67.78827464,1.272450446,142.7511347,1.000499156,0
12,WhiteNH,Male,Age_75_,HS_or_less,0.999056,253.859785,4.360297787,66.71137846,2.275992989,149.2593302,2.818250338,1
13,WhiteNH,Male,Age_75_,HS_or_less,5.5631,172.014917,1.925081076,36.81191038,0.511219775,141.8598735,0.834195232,1
14,WhiteNH,Male,Age_75_,HS_or_less,0,256.2575421,3.687854671,37.2235034,1.132009122,117.6133047,1.149415331,1
15,WhiteNH,Male,Age_75_,HS_or_less,2.05842,259.4531356,4.010498522,37.77243662,0.65874073,144.4631524,1.284834051,0
16,WhiteNH,Male,Age_75_,HS_or_less,0,262.2793595,4.010219427,37.45780067,1.163751134,146.5329263,3.366618114,1
1,WhiteNH,Male,Age_75_,some_coll_,33.5644,176.6474036,1.39761867,64.1530951,0.660190342,115.1579053,0.671303185,0
2,WhiteNH,Male,Age_75_,some_coll_,0.719169,177.0891861,2.465055786,64.33409407,1.174286199,115.722377,1.122149709,1
3,WhiteNH,Male,Age_75_,some_coll_,88.2577,181.956108,1.194837546,63.18090199,0.63402508,140.367594,0.720755648,0
4,WhiteNH,Male,Age_75_,some_coll_,3.69868,248.4358732,2.319422545,67.28409254,1.609967802,116.000931,0.914242928,0
5,WhiteNH,Male,Age_75_,some_coll_,34.5505,164.3029528,1.369909677,40.55205325,0.532931775,116.7050308,0.629813867,0
6,WhiteNH,Male,Age_75_,some_coll_,3.12124,179.3104338,2.254071466,65.90574522,1.061031054,142.4444235,0.892452228,1
7,WhiteNH,Male,Age_75_,some_coll_,0,247.4592616,3.542751484,66.29943225,2.036087938,115.2881948,1.12388235,1
8,WhiteNH,Male,Age_75_,some_coll_,0.549581,169.3375243,2.640319413,38.82874328,0.517098326,116.0572927,0.967251617,1
9,WhiteNH,Male,Age_75_,some_coll_,86.4673,171.286717,1.241064082,39.74348403,0.450806059,139.97243,0.671571982,0
10,WhiteNH,Male,Age_75_,some_coll_,0.000551758,250.1944556,2.956269254,40.0029153,0.846251809,117.2448285,1.061219445,0
11,WhiteNH,Male,Age_75_,some_coll_,15.3686,256.507447,2.14746102,69.58459558,1.252147663,141.6324055,1.033536318,0
12,WhiteNH,Male,Age_75_,some_coll_,0.000944243,254.1576424,4.417949056,68.5076994,2.298481398,148.140601,2.846601712,1
13,WhiteNH,Male,Age_75_,some_coll_,3.4369,172.3127744,1.899473134,38.60823131,0.540860843,140.7411443,0.88409134,1
14,WhiteNH,Male,Age_75_,some_coll_,0,256.5553995,3.731615222,39.01982434,1.129313552,116.4945755,1.210841566,1
15,WhiteNH,Male,Age_75_,some_coll_,3.94158,259.750993,4.316904232,39.56875756,0.66934429,143.3444232,1.387817176,0
16,WhiteNH,Male,Age_75_,some_coll_,0,262.5772169,4.114699175,39.25412161,1.232858535,145.4141971,3.397670684,1
1,WhiteNH,Female,Age_35_44,HS_or_less,55.6718,192.441072,1.228477667,65.10632973,0.507518339,107.1841152,0.439418081,0
2,WhiteNH,Female,Age_35_44,HS_or_less,33.6461,192.8828545,2.252773698,65.2873287,1.037380202,107.7485869,0.655689052,1
3,WhiteNH,Female,Age_35_44,HS_or_less,20.1533,197.7497764,1.201948332,64.13413662,0.507082174,132.3938039,0.560085353,0
4,WhiteNH,Female,Age_35_44,HS_or_less,4.72781,264.2295416,1.932949481,68.23732717,1.455888035,108.0271409,0.508084732,0
5,WhiteNH,Female,Age_35_44,HS_or_less,19.5957,180.0966213,1.642928485,41.50528788,0.437654236,108.7312407,0.531595786,0
6,WhiteNH,Female,Age_35_44,HS_or_less,20.4754,195.1041022,1.826313185,66.85897985,1.069225908,134.4706334,0.996350136,1
7,WhiteNH,Female,Age_35_44,HS_or_less,5.29548,263.25293,3.302600315,67.25266688,2.039922759,107.3144047,1.078892852,1
8,WhiteNH,Female,Age_35_44,HS_or_less,23.8806,185.1311927,2.221868001,39.78197791,0.478626673,108.0835026,0.586041637,1
9,WhiteNH,Female,Age_35_44,HS_or_less,20.2005,187.0803854,1.351083728,40.69671866,0.401584231,131.9986398,0.531821329,0
10,WhiteNH,Female,Age_35_44,HS_or_less,1.45332,265.988124,2.509409315,40.95614993,0.77781194,109.2710384,0.939514939,0
11,WhiteNH,Female,Age_35_44,HS_or_less,1.12834,272.3011154,2.197512286,70.53783021,1.473281448,133.6586153,0.727370268,0
12,WhiteNH,Female,Age_35_44,HS_or_less,3.96036,269.9513108,4.731718549,69.46093403,2.30541359,140.1668109,2.60667395,1
13,WhiteNH,Female,Age_35_44,HS_or_less,17.7942,188.1064428,1.929857869,39.56146594,0.460387081,132.7673541,0.824122877,1
14,WhiteNH,Female,Age_35_44,HS_or_less,4.40472,272.3490679,3.63015848,39.97305897,1.163940002,108.5207854,1.048891257,1
15,WhiteNH,Female,Age_35_44,HS_or_less,1.2341,275.5446614,3.732754143,40.52199219,0.632839529,135.3706331,1.293050513,0
16,WhiteNH,Female,Age_35_44,HS_or_less,1.09167,278.3708853,4.017538946,40.20735624,1.040961309,137.4404069,3.263598928,1
1,WhiteNH,Female,Age_35_44,some_coll_,293.328,192.7389294,1.245973988,66.90265067,0.510435208,106.065386,0.302072693,0
2,WhiteNH,Female,Age_35_44,some_coll_,49.3539,193.1807119,2.241365282,67.08364964,1.025232486,106.6298577,0.677762737,1
3,WhiteNH,Female,Age_35_44,some_coll_,91.9409,198.0476338,1.157434089,65.93045756,0.515732598,131.2750747,0.43343453,0
4,WhiteNH,Female,Age_35_44,some_coll_,48.2722,264.527399,2.062068355,70.03364811,1.503621013,106.9084117,0.514258767,0
5,WhiteNH,Female,Age_35_44,some_coll_,97.4043,180.3944786,1.644008325,43.30160882,0.388896678,107.6125115,0.39550411,0
6,WhiteNH,Female,Age_35_44,some_coll_,16.5246,195.4019596,1.853488063,68.65530079,1.100389597,133.3519041,0.883234584,1
7,WhiteNH,Female,Age_35_44,some_coll_,10.7045,263.5507874,3.203795755,69.04898782,2.051142467,106.1956755,1.096746598,1
8,WhiteNH,Female,Age_35_44,some_coll_,31.1194,185.4290501,2.275598102,41.57829885,0.476594183,106.9647733,0.60365718,1
9,WhiteNH,Female,Age_35_44,some_coll_,52.7995,187.3782428,1.297568743,42.4930396,0.377073693,130.8799106,0.41648242,0
10,WhiteNH,Female,Age_35_44,some_coll_,3.54668,266.2859814,2.637854962,42.75247087,0.770934245,108.1523092,0.884221231,0
11,WhiteNH,Female,Age_35_44,some_coll_,24.8717,272.5989728,2.201220291,72.33415114,1.448823257,132.5398861,0.665729669,0
12,WhiteNH,Female,Age_35_44,some_coll_,8.03964,270.2491682,4.758221153,71.25725497,2.323271711,139.0480817,2.608119082,1
13,WhiteNH,Female,Age_35_44,some_coll_,14.415,188.4043002,1.83625801,41.35778688,0.472152549,131.6486249,0.782204612,1
14,WhiteNH,Female,Age_35_44,some_coll_,2.59528,272.6469253,3.63980243,41.76937991,1.152583077,107.4020562,1.045028367,1
15,WhiteNH,Female,Age_35_44,some_coll_,1.7659,275.8425188,4.028703053,42.31831313,0.627977128,134.2519039,1.339457851,0
16,WhiteNH,Female,Age_35_44,some_coll_,0.90833,278.6687427,4.090836062,42.00367718,1.108607633,136.3216777,3.272316648,1
1,WhiteNH,Female,Age_45_54,HS_or_less,45.6996,196.1977505,1.188125358,65.82959415,0.578601542,107.92681,0.465347668,0
2,WhiteNH,Female,Age_45_54,HS_or_less,30.702,196.639533,2.305636224,66.01059312,1.05658019,108.4912817,0.657034647,1
3,WhiteNH,Female,Age_45_54,HS_or_less,40.803,201.5064549,1.170707526,64.85740104,0.647961601,133.1364987,0.579862597,0
4,WhiteNH,Female,Age_45_54,HS_or_less,18.3628,267.9862201,2.077663787,68.9605916,1.427539416,108.7698357,0.543811593,0
5,WhiteNH,Female,Age_45_54,HS_or_less,22.7413,183.8532998,1.569642194,42.2285523,0.484493087,109.4739355,0.511925665,0
6,WhiteNH,Female,Age_45_54,HS_or_less,35.5086,198.8607807,1.709897068,67.58224427,1.127045949,135.2133282,0.886306833,1
7,WhiteNH,Female,Age_45_54,HS_or_less,10.8145,267.0096085,3.301247915,67.9759313,1.962792302,108.0570995,1.002364138,1
8,WhiteNH,Female,Age_45_54,HS_or_less,18.8277,188.8878712,2.233833149,40.50524233,0.4808755,108.8261974,0.63428083,1
9,WhiteNH,Female,Age_45_54,HS_or_less,25.7582,190.8370639,1.308974735,41.41998308,0.412352766,132.7413346,0.496482278,0
10,WhiteNH,Female,Age_45_54,HS_or_less,3.1973,269.7448025,2.642110415,41.67941435,0.769735778,110.0137332,0.97303746,0
11,WhiteNH,Female,Age_45_54,HS_or_less,28.626,276.0577939,2.309896639,71.26109463,1.491175036,134.4013101,0.744228614,0
12,WhiteNH,Female,Age_45_54,HS_or_less,8.94127,273.7079893,4.76651355,70.18419845,2.370303196,140.9095057,2.630764289,1
13,WhiteNH,Female,Age_45_54,HS_or_less,36.5866,191.8631213,2.103016279,40.28473037,0.435796997,133.5100489,0.825111895,1
14,WhiteNH,Female,Age_45_54,HS_or_less,6.92837,276.1057464,3.347548144,40.69632339,1.146357351,109.2634802,0.98126297,1
15,WhiteNH,Female,Age_45_54,HS_or_less,4.15661,279.30134,3.968794408,41.24525661,0.692723896,136.1133279,1.326119815,0
16,WhiteNH,Female,Age_45_54,HS_or_less,7.73027,282.1275638,4.109729069,40.93062066,0.979716367,138.1831018,3.197673089,1
1,WhiteNH,Female,Age_45_54,some_coll_,240.3,196.4956079,1.247396082,67.62591509,0.556899342,106.8080808,0.39953564,0
2,WhiteNH,Female,Age_45_54,some_coll_,35.298,196.9373904,2.31640858,67.80691406,1.031355206,107.3725525,0.711371447,1
3,WhiteNH,Female,Age_45_54,some_coll_,164.369,201.8043123,1.169012963,66.65372198,0.633316598,132.0177695,0.505303012,0
4,WhiteNH,Female,Age_45_54,some_coll_,56.6372,268.2840775,2.221166436,70.75691253,1.466807029,107.6511065,0.589036202,0
5,WhiteNH,Female,Age_45_54,some_coll_,78.2587,184.1511572,1.602618888,44.02487324,0.408437074,108.3552063,0.425226907,0
6,WhiteNH,Female,Age_45_54,some_coll_,31.4914,199.1586381,1.767712492,69.37856521,1.144654397,134.094599,0.786034448,1
7,WhiteNH,Female,Age_45_54,some_coll_,16.1855,267.3074659,3.218141935,69.77225224,1.96744557,106.9383703,1.043310977,1
8,WhiteNH,Female,Age_45_54,some_coll_,9.17228,189.1857286,2.309268535,42.30156327,0.4490965,107.7074682,0.68424409,1
9,WhiteNH,Female,Age_45_54,some_coll_,55.2418,191.1349213,1.29334202,43.21630402,0.351194213,131.6226054,0.426660224,0
10,WhiteNH,Female,Age_45_54,some_coll_,7.8027,270.0426599,2.782616117,43.47573529,0.744465755,108.895004,0.943865127,0
11,WhiteNH,Female,Age_45_54,some_coll_,68.374,276.3556513,2.335164732,73.05741557,1.457573837,133.2825809,0.716188054,0
12,WhiteNH,Female,Age_45_54,some_coll_,7.05873,274.0058467,4.803355167,71.98051939,2.381886807,139.7907765,2.640715324,1
13,WhiteNH,Female,Age_45_54,some_coll_,22.799,192.1609787,2.042359144,42.0810513,0.416267563,132.3913197,0.811415918,1
14,WhiteNH,Female,Age_45_54,some_coll_,9.07163,276.4036038,3.373018091,42.49264433,1.122592755,108.144751,0.999854514,1
15,WhiteNH,Female,Age_45_54,some_coll_,17.8434,279.5991974,4.260209522,43.04157755,0.667924917,134.9945987,1.387689475,0
16,WhiteNH,Female,Age_45_54,some_coll_,8.26973,282.4254212,4.193477655,42.7269416,1.03809561,137.0643726,3.213566878,1
1,WhiteNH,Female,Age_55_64,HS_or_less,40.5839,193.4360749,1.092005253,66.9636243,0.666266745,109.9056173,0.490132482,0
2,WhiteNH,Female,Age_55_64,HS_or_less,15.8162,193.8778574,2.030340913,67.14462327,1.113696023,110.4700889,0.70409269,1
3,WhiteNH,Female,Age_55_64,HS_or_less,91.1104,198.7447793,1.166360462,65.99143119,0.693642741,135.1153059,0.613557642,0
4,WhiteNH,Female,Age_55_64,HS_or_less,20.1276,265.2245445,1.968216208,70.09462175,1.538449709,110.7486429,0.505716266,0
5,WhiteNH,Female,Age_55_64,HS_or_less,22.7834,181.0916241,1.541003172,43.36258245,0.587179608,111.4527428,0.591965299,0
6,WhiteNH,Female,Age_55_64,HS_or_less,19.1078,196.0991051,1.857207567,68.71627443,1.101095565,137.1921354,0.998350502,1
7,WhiteNH,Female,Age_55_64,HS_or_less,1.21904,264.2479329,3.14821374,69.10996146,1.926412021,110.0359068,0.989978325,1
8,WhiteNH,Female,Age_55_64,HS_or_less,10.183,186.1261956,2.235982075,41.63927248,0.578170963,110.8050046,0.6184207,1
9,WhiteNH,Female,Age_55_64,HS_or_less,36.3523,188.0753883,1.173119548,42.55401324,0.471224066,134.7201419,0.552742256,0
10,WhiteNH,Female,Age_55_64,HS_or_less,6.3506,266.9831269,2.594652296,42.81344451,0.85825672,111.9925404,0.918393223,0
11,WhiteNH,Female,Age_55_64,HS_or_less,31.6404,273.2961183,2.044929663,72.39512478,1.609768491,136.3801174,0.760684737,0
12,WhiteNH,Female,Age_55_64,HS_or_less,10.7355,270.9463137,4.403199276,71.31822861,2.392238802,142.888313,2.673681117,1
13,WhiteNH,Female,Age_55_64,HS_or_less,20.3944,189.1014457,1.887442146,41.41876052,0.614648194,135.4888562,0.860695557,1
14,WhiteNH,Female,Age_55_64,HS_or_less,2.65485,273.3440707,3.760280707,41.83035355,1.091632506,111.2422874,0.966154827,1
15,WhiteNH,Female,Age_55_64,HS_or_less,11.1239,276.5396643,3.796355303,42.37928676,0.740954548,138.0921352,1.387421312,0
16,WhiteNH,Female,Age_55_64,HS_or_less,4.41161,279.3658882,3.779619284,42.06465081,0.966006094,140.161909,3.262443713,1
1,WhiteNH,Female,Age_55_64,some_coll_,178.416,193.7339323,1.170566641,68.75994524,0.664422085,108.7868881,0.419284537,0
2,WhiteNH,Female,Age_55_64,some_coll_,18.1838,194.1757148,2.050724313,68.94094421,1.099926767,109.3513597,0.750060479,1
3,WhiteNH,Female,Age_55_64,some_coll_,182.119,199.0426366,1.178909493,67.78775213,0.696106406,133.9965767,0.536686949,0
4,WhiteNH,Female,Age_55_64,some_coll_,55.8724,265.5224019,2.127008283,71.89094269,1.581982863,109.6299137,0.547239379,0
5,WhiteNH,Female,Age_55_64,some_coll_,46.2166,181.3894815,1.58514893,45.15890339,0.546859563,110.3340135,0.511529421,0
6,WhiteNH,Female,Age_55_64,some_coll_,33.8922,196.3969625,1.919290257,70.51259537,1.128982179,136.0734062,0.906368288,1
7,WhiteNH,Female,Age_55_64,some_coll_,10.781,264.5457903,3.066405899,70.9062824,1.93688924,108.9171776,1.02776963,1
8,WhiteNH,Female,Age_55_64,some_coll_,7.81704,186.424053,2.318560359,43.43559342,0.571765931,109.6862754,0.663936265,1
9,WhiteNH,Female,Age_55_64,some_coll_,82.6477,188.3732457,1.1700102,44.35033418,0.444457973,133.6014127,0.483278071,0
10,WhiteNH,Female,Age_55_64,some_coll_,4.6494,267.2809843,2.743687522,44.60976545,0.84883973,110.8738112,0.883184573,0
11,WhiteNH,Female,Age_55_64,some_coll_,94.3596,273.5939757,2.081466991,74.19144572,1.585705299,135.2613882,0.728134442,0
12,WhiteNH,Female,Age_55_64,some_coll_,7.26447,271.2441711,4.446811101,73.11454955,2.408327677,141.7695838,2.682073226,1
13,WhiteNH,Female,Age_55_64,some_coll_,26.9128,189.3993031,1.828766505,43.21508146,0.619144783,134.370127,0.843132487,1
14,WhiteNH,Female,Age_55_64,some_coll_,4.34515,273.6419281,3.787384206,43.62667448,1.07700002,110.1235582,0.981211792,1
15,WhiteNH,Female,Age_55_64,some_coll_,23.8761,276.8375217,4.104115663,44.1756077,0.733116047,136.9734059,1.443785168,0
16,WhiteNH,Female,Age_55_64,some_coll_,4.58839,279.6637455,3.874828954,43.86097175,1.035931613,139.0431798,3.276877671,1
1,WhiteNH,Female,Age_65_74,HS_or_less,38.909,186.0757866,1.179834159,67.3476439,0.773398021,112.2466035,0.468402842,0
2,WhiteNH,Female,Age_65_74,HS_or_less,5.5055,186.517569,2.351853756,67.52864287,1.164275651,112.8110752,0.75748457,1
3,WhiteNH,Female,Age_65_74,HS_or_less,105.394,191.3844909,1.08437322,66.37545079,0.682461996,137.4562921,0.521141436,0
4,WhiteNH,Female,Age_65_74,HS_or_less,12.3163,257.8642562,2.078910323,70.47864135,1.584291345,113.0896292,0.615466234,0
5,WhiteNH,Female,Age_65_74,HS_or_less,9.32005,173.7313358,1.498570032,43.74660205,0.626532872,113.793729,0.613218479,0
6,WhiteNH,Female,Age_65_74,HS_or_less,9.51497,188.7388167,1.825208162,69.10029403,1.233424995,139.5331216,0.982399978,1
7,WhiteNH,Female,Age_65_74,HS_or_less,0.998234,256.8876446,3.502178948,69.49398106,2.026650006,112.376893,1.120220078,1
8,WhiteNH,Female,Age_65_74,HS_or_less,4.10873,178.7659073,2.499719902,42.02329208,0.611152498,113.1459908,0.732478639,1
9,WhiteNH,Female,Age_65_74,HS_or_less,58.6225,180.7150999,1.25254438,42.93803284,0.550607571,137.0611281,0.624603308,0
10,WhiteNH,Female,Age_65_74,HS_or_less,0,259.6228386,2.665225388,43.19746411,0.905400706,114.3335267,0.99054607,0
11,WhiteNH,Female,Age_65_74,HS_or_less,24.4152,265.93583,2.087273773,72.77914438,1.75487137,138.7211036,0.751973376,0
12,WhiteNH,Female,Age_65_74,HS_or_less,5.51299,263.5860253,4.911785262,71.70224821,2.564225631,145.2292992,2.639099671,1
13,WhiteNH,Female,Age_65_74,HS_or_less,7.94488,181.7411574,1.981690263,41.80278012,0.674321955,137.8298424,0.866399027,1
14,WhiteNH,Female,Age_65_74,HS_or_less,2.01207,265.9837824,3.360178839,42.21437315,1.153111305,113.5832737,1.041911309,1
15,WhiteNH,Female,Age_65_74,HS_or_less,9.49219,269.179376,4.060291391,42.76330636,0.865997169,140.4331214,1.372075555,0
16,WhiteNH,Female,Age_65_74,HS_or_less,1.8768,272.0055998,4.299685285,42.44867041,0.977208756,142.5028952,3.32074789,1
1,WhiteNH,Female,Age_65_74,some_coll_,90.091,186.373644,1.282831707,69.14396484,0.797397752,111.1278743,0.436617932,0
2,WhiteNH,Female,Age_65_74,some_coll_,9.4945,186.8154264,2.385434935,69.32496381,1.168422524,111.692346,0.822369382,1
3,WhiteNH,Female,Age_65_74,some_coll_,182.849,191.6823483,1.131898363,68.17177173,0.713674712,136.3375629,0.467795488,0
4,WhiteNH,Female,Age_65_74,some_coll_,33.6837,258.1621136,2.246787725,72.27496229,1.638894347,111.9708999,0.676893643,0
5,WhiteNH,Female,Age_65_74,some_coll_,15.68,174.0291932,1.568316375,45.54292299,0.622070955,112.6749998,0.56827868,0
6,WhiteNH,Female,Age_65_74,some_coll_,5.48503,189.0366741,1.908333758,70.89661497,1.274236979,138.4143924,0.908610912,1
7,WhiteNH,Female,Age_65_74,some_coll_,0.00176564,257.185502,3.439876528,71.290302,2.046445759,111.2581638,1.169106784,1
8,WhiteNH,Female,Age_65_74,some_coll_,2.89127,179.0637647,2.588552423,43.81961302,0.637413004,112.0272616,0.794075866,1
9,WhiteNH,Female,Age_65_74,some_coll_,74.3775,181.0129573,1.279640408,44.73435378,0.564635113,135.9423989,0.594833848,0
10,WhiteNH,Female,Age_65_74,some_coll_,0,259.920696,2.823990937,44.99378505,0.91860115,113.2147974,0.976429575,0
11,WhiteNH,Female,Age_65_74,some_coll_,82.5848,266.2336874,2.140882311,74.57546532,1.744371969,137.6023744,0.743415615,0
12,WhiteNH,Female,Age_65_74,some_coll_,2.48701,263.8838827,4.958578155,73.49856915,2.587014138,144.11057,2.654328063,1
13,WhiteNH,Female,Age_65_74,some_coll_,1.11394,182.0390148,1.945493031,43.59910106,0.707397556,136.7111132,0.869705206,1
14,WhiteNH,Female,Age_65_74,some_coll_,0.987934,266.2816398,3.401656614,44.01069408,1.156756906,112.4645444,1.072643896,1
15,WhiteNH,Female,Age_65_74,some_coll_,9.50781,269.4772334,4.358132138,44.5596273,0.882354768,139.3143922,1.441469169,0
16,WhiteNH,Female,Age_65_74,some_coll_,3.1232,272.3034572,4.392262378,44.24499135,1.065399845,141.384166,3.340272319,1
1,WhiteNH,Female,Age_75_,HS_or_less,21.3269,181.6282858,1.246651662,66.56326716,0.6090406,116.0793207,0.649349399,0
2,WhiteNH,Female,Age_75_,HS_or_less,2.33023,182.0700683,2.344329048,66.74426613,1.090205189,116.6437924,0.990863758,1
3,WhiteNH,Female,Age_75_,HS_or_less,158.54,186.9369902,1.066692061,65.59107405,0.510454772,141.2890093,0.705921667,0
4,WhiteNH,Female,Age_75_,HS_or_less,8.4656,253.4167554,2.074330732,69.69426461,1.555038841,116.9223463,0.774527683,0
5,WhiteNH,Female,Age_75_,HS_or_less,11.817,169.283835,1.496012639,42.96222531,0.529923199,117.6264462,0.689098107,0
6,WhiteNH,Female,Age_75_,HS_or_less,6.3932,184.291316,1.943784019,68.31591729,1.048977407,143.3658388,0.983994047,1
7,WhiteNH,Female,Age_75_,HS_or_less,0,252.4401438,3.393655141,68.70960432,1.97986899,116.2096102,1.03951774,1
8,WhiteNH,Female,Age_75_,HS_or_less,0,174.3184065,2.602292505,41.23891534,0.483311686,116.978708,0.849871117,1
9,WhiteNH,Female,Age_75_,HS_or_less,64.4724,176.2675992,1.203999945,42.1536561,0.394306985,140.8938453,0.655703143,0
10,WhiteNH,Female,Age_75_,HS_or_less,0.998781,255.1753378,2.853306832,42.41308737,0.81214969,118.1662438,1.051315241,0
11,WhiteNH,Female,Age_75_,HS_or_less,35.19,261.4883292,2.110759792,71.99476764,1.374483723,142.5538208,0.952941039,0
12,WhiteNH,Female,Age_75_,HS_or_less,0.849852,259.1385246,4.681401033,70.91787147,2.356814139,149.0620164,2.826561807,1
13,WhiteNH,Female,Age_75_,HS_or_less,3.27995,177.2936566,1.946966657,41.01840338,0.511653857,141.6625596,0.848219272,1
14,WhiteNH,Female,Age_75_,HS_or_less,0,261.5362817,3.62900304,41.4299964,1.094508995,117.4159908,1.145191747,1
15,WhiteNH,Female,Age_75_,HS_or_less,6.99323,264.7318752,3.935439608,41.97892962,0.698628954,144.2658386,1.412478849,0
16,WhiteNH,Female,Age_75_,HS_or_less,0.889647,267.5580991,4.215075361,41.66429367,1.010834234,146.3356124,3.304088895,1
1,WhiteNH,Female,Age_75_,some_coll_,52.6731,181.9261432,1.39010093,68.3595881,0.61886968,114.9605915,0.672441393,0
2,WhiteNH,Female,Age_75_,some_coll_,0.669766,182.3679257,2.404070322,68.54058707,1.082862554,115.5250632,1.069396233,1
3,WhiteNH,Female,Age_75_,some_coll_,152.722,187.2348476,1.169509411,67.38739499,0.527742216,140.1702801,0.710533893,0
4,WhiteNH,Female,Age_75_,some_coll_,10.5344,253.7146128,2.270160043,71.49058555,1.602657782,115.8036171,0.85939993,0
5,WhiteNH,Female,Age_75_,some_coll_,11.183,169.5816924,1.605163423,44.75854625,0.499617838,116.507717,0.693576776,0
6,WhiteNH,Female,Age_75_,some_coll_,4.6068,184.5891734,2.052618059,70.11223823,1.084927101,142.2471096,0.942336005,1
7,WhiteNH,Female,Age_75_,some_coll_,0,252.7380012,3.347981488,70.50592526,1.993710552,115.090881,1.118840279,1
8,WhiteNH,Female,Age_75_,some_coll_,0,174.6162639,2.710815748,43.03523628,0.490661493,115.8599788,0.935735661,1
9,WhiteNH,Female,Age_75_,some_coll_,35.5276,176.5654566,1.281725284,43.94997704,0.381435008,139.7751161,0.67300328,0
10,WhiteNH,Female,Age_75_,some_coll_,0.00121871,255.4731952,3.02282153,44.20940831,0.811193754,117.0475146,1.06620154,0
11,WhiteNH,Female,Age_75_,some_coll_,58.81,261.7861866,2.192387706,73.79108858,1.351605009,141.4350916,0.977030313,0
12,WhiteNH,Female,Age_75_,some_coll_,1.15015,259.436382,4.743624161,72.71419241,2.376201276,147.9432872,2.851201647,1
13,WhiteNH,Female,Age_75_,some_coll_,2.75927,177.591514,1.942451462,42.81472432,0.530906231,140.5438304,0.885722639,1
14,WhiteNH,Female,Age_75_,some_coll_,0,261.8341391,3.684388774,43.22631734,1.08661923,116.2972616,1.198223134,1
15,WhiteNH,Female,Age_75_,some_coll_,10.0068,265.0297326,4.256715417,43.77525056,0.70075089,143.1471094,1.49987577,0
16,WhiteNH,Female,Age_75_,some_coll_,1.11035,267.8559565,4.323901853,43.46061461,1.084571933,145.2168832,3.332618314,1
1,BlackNH,Male,Age_35_44,HS_or_less,9.38249,182.9696242,1.597438503,63.1392677,0.563903802,110.7901782,0.578290162,0
2,BlackNH,Male,Age_35_44,HS_or_less,4.44854,183.4114066,2.574420213,63.32026667,1.147569501,111.3546498,0.715616642,1
3,BlackNH,Male,Age_35_44,HS_or_less,8.66007,188.2783285,1.429084361,62.16707459,0.563541525,135.9998668,0.537171805,0
4,BlackNH,Male,Age_35_44,HS_or_less,2.46673,254.7580938,2.077989452,66.27026514,1.457820949,111.6332038,0.559221365,0
5,BlackNH,Male,Age_35_44,HS_or_less,4.5903,170.6251734,1.749763781,39.53822585,0.54860778,112.3373036,0.55570882,0
6,BlackNH,Male,Age_35_44,HS_or_less,8.01195,185.6326543,2.03983574,64.89191782,1.019756878,138.0766963,0.827855832,1
7,BlackNH,Male,Age_35_44,HS_or_less,3.2099,253.7814822,3.547545657,65.28560485,2.125689134,110.9204676,1.109010287,1
8,BlackNH,Male,Age_35_44,HS_or_less,6.48953,175.6597449,2.276916341,37.81491588,0.529811206,111.6895655,0.743415691,1
9,BlackNH,Male,Age_35_44,HS_or_less,13.9539,177.6089375,1.567687321,38.72965663,0.524280947,135.6047028,0.637171391,0
10,BlackNH,Male,Age_35_44,HS_or_less,0.365594,256.5166762,2.681670111,38.9890879,0.864212212,112.8771013,1.014147893,0
11,BlackNH,Male,Age_35_44,HS_or_less,5.61702,262.8296676,2.478970908,68.57076818,1.399487092,137.2646783,0.802314475,0
12,BlackNH,Male,Age_35_44,HS_or_less,2.04122,260.4798629,4.553786174,67.493872,2.31557997,143.7728738,2.582322225,1
13,BlackNH,Male,Age_35_44,HS_or_less,7.90455,178.6349949,1.900837392,37.59440391,0.515074224,136.3734171,0.821768946,1
14,BlackNH,Male,Age_35_44,HS_or_less,0.985393,262.87762,3.494554266,38.00599694,1.214651335,112.1268483,1.083248482,1
15,BlackNH,Male,Age_35_44,HS_or_less,2.54469,266.0732136,3.787858643,38.55493016,0.659318544,138.976696,1.267627645,0
16,BlackNH,Male,Age_35_44,HS_or_less,2.41969,268.8994374,4.035098591,38.24029421,1.156729657,141.0464699,3.22798374,1
1,BlackNH,Male,Age_35_44,some_coll_,8.61751,183.2674816,1.535688162,64.93558864,0.558058763,109.6714489,0.560784782,0
2,BlackNH,Male,Age_35_44,some_coll_,2.55146,183.709264,2.517856825,65.11658761,1.132401242,110.2359206,0.789583289,1
3,BlackNH,Male,Age_35_44,some_coll_,18.3399,188.5761859,1.304028584,63.96339553,0.562938433,134.8811376,0.494594618,0
4,BlackNH,Male,Age_35_44,some_coll_,3.53327,255.0559512,2.144086502,68.06658608,1.502325179,110.5144746,0.633198956,0
5,BlackNH,Male,Age_35_44,some_coll_,7.4097,170.9230308,1.681801776,41.33454679,0.501141436,111.2185744,0.514336575,0
6,BlackNH,Male,Age_35_44,some_coll_,2.98805,185.9305117,2.006031545,66.68823876,1.047850257,136.9579671,0.744738488,1
7,BlackNH,Male,Age_35_44,some_coll_,2.2901,254.0793395,3.421323303,67.08192579,2.134227659,109.8017384,1.162173623,1
8,BlackNH,Male,Age_35_44,some_coll_,1.51047,175.9576023,2.277988563,39.61123682,0.518875019,110.5708363,0.809644662,1
9,BlackNH,Male,Age_35_44,some_coll_,21.3133,177.9067949,1.441920768,40.52597757,0.496243926,134.4859736,0.61523285,0
10,BlackNH,Male,Age_35_44,some_coll_,0.634406,256.8145335,2.759661725,40.78540884,0.852457501,111.7583721,1.004766248,0
11,BlackNH,Male,Age_35_44,some_coll_,10.383,263.127525,2.434099802,70.36708911,1.370243618,136.1459491,0.799835858,0
12,BlackNH,Male,Age_35_44,some_coll_,1.95878,260.7777203,4.555404614,69.29019294,2.331317882,142.6541446,2.599581608,1
13,BlackNH,Male,Age_35_44,some_coll_,3.09545,178.9328523,1.738939171,39.39072485,0.516474655,135.2546879,0.830584214,1
14,BlackNH,Male,Age_35_44,some_coll_,0.0146073,263.1754774,3.470627497,39.80231788,1.199809206,111.0081191,1.11679859,1
15,BlackNH,Male,Age_35_44,some_coll_,2.45531,266.371071,4.050691603,40.3512511,0.647335455,137.8579668,1.34571466,0
16,BlackNH,Male,Age_35_44,some_coll_,0.580312,269.1972948,4.079163603,40.03661515,1.214045627,139.9277407,3.249424211,1
1,BlackNH,Male,Age_45_54,HS_or_less,4.72458,186.7263027,1.697176154,63.86253212,0.60944302,111.532873,0.617015529,0
2,BlackNH,Male,Age_45_54,HS_or_less,3.97398,187.1680851,2.700874143,64.04353109,1.154706972,112.0973446,0.732599497,1
3,BlackNH,Male,Age_45_54,HS_or_less,13.0953,192.035007,1.547343229,62.89033901,0.675669574,136.7425616,0.577864194,0
4,BlackNH,Male,Age_45_54,HS_or_less,3.30784,258.5147723,2.307497761,66.99352957,1.421171752,112.3758986,0.610850177,0
5,BlackNH,Male,Age_45_54,HS_or_less,6.30905,174.3818519,1.803426887,40.26149027,0.566031124,113.0799984,0.557776433,0
6,BlackNH,Male,Age_45_54,HS_or_less,10.6231,189.3893328,2.043372364,65.61518224,1.069168385,138.8193911,0.707813491,1
7,BlackNH,Male,Age_45_54,HS_or_less,1.49089,257.5381607,3.605864915,66.00886927,2.04598423,111.6631625,1.04568463,1
8,BlackNH,Male,Age_45_54,HS_or_less,2.31078,179.4164234,2.37986844,38.5381803,0.509004996,112.4322603,0.7964689,1
9,BlackNH,Male,Age_45_54,HS_or_less,13.3755,181.365616,1.664855487,39.45292105,0.509768416,136.3473976,0.626479495,0
10,BlackNH,Male,Age_45_54,HS_or_less,0.000863669,260.2733547,2.881159412,39.71235232,0.842966736,113.6197961,1.056142972,0
11,BlackNH,Male,Age_45_54,HS_or_less,9.37855,266.5863461,2.66044576,69.2940326,1.409906841,138.0073731,0.831472001,0
12,BlackNH,Male,Age_45_54,HS_or_less,6.78008,264.2365414,4.636116063,68.21713642,2.375193557,144.5155687,2.611012866,1
13,BlackNH,Male,Age_45_54,HS_or_less,16.3776,182.3916735,2.176607798,38.31766834,0.468500407,137.1161119,0.836518842,1
14,BlackNH,Male,Age_45_54,HS_or_less,1.99262,266.6342985,3.265891938,38.72926136,1.187848951,112.8695431,1.029057759,1
15,BlackNH,Male,Age_45_54,HS_or_less,2.03575,269.8298921,4.073310853,39.27819458,0.700221311,139.7193908,1.310084893,0
16,BlackNH,Male,Age_45_54,HS_or_less,1.57948,272.6561159,4.178203815,38.96355863,1.09109836,141.7891647,3.164923806,1
1,BlackNH,Male,Age_45_54,some_coll_,9.27542,187.0241601,1.669729492,65.65885306,0.580732963,110.4141438,0.636937075,0
2,BlackNH,Male,Age_45_54,some_coll_,2.02602,187.4659425,2.666035636,65.83985203,1.127454168,110.9786154,0.832440526,1
3,BlackNH,Male,Age_45_54,some_coll_,13.9047,192.3328644,1.467494744,64.68665995,0.654398882,135.6238324,0.578720941,0
4,BlackNH,Male,Age_45_54,some_coll_,1.69216,258.8126297,2.388445939,68.7898505,1.457345556,111.2571694,0.711527185,0
5,BlackNH,Male,Age_45_54,some_coll_,11.6909,174.6797093,1.766407026,42.05781121,0.492900976,111.9612692,0.558359188,0
6,BlackNH,Male,Age_45_54,some_coll_,5.37686,189.6871902,2.034616586,67.41150318,1.083325898,137.7006619,0.644368441,1
7,BlackNH,Male,Age_45_54,some_coll_,0.709114,257.8360181,3.496240275,67.80519021,2.048124208,110.5444333,1.122105464,1
8,BlackNH,Male,Age_45_54,some_coll_,2.68922,179.7142808,2.402023934,40.33450124,0.469047282,111.3135311,0.884387308,1
9,BlackNH,Male,Age_45_54,some_coll_,20.884,181.6634734,1.579334378,41.24924199,0.451264065,135.2286684,0.640250927,0
10,BlackNH,Male,Age_45_54,some_coll_,0.999136,260.5712121,2.97094583,41.50867326,0.814126438,112.5010669,1.06837159,0
11,BlackNH,Male,Age_45_54,some_coll_,5.62145,266.8842035,2.637911682,71.09035354,1.370849608,136.8886439,0.855742476,0
12,BlackNH,Male,Age_45_54,some_coll_,1.21992,264.5343988,4.648588619,70.01345736,2.384756759,143.3968395,2.636616252,1
13,BlackNH,Male,Age_45_54,some_coll_,4.62237,182.6895309,2.061409584,40.11398927,0.439687548,135.9973827,0.871349713,1
14,BlackNH,Male,Age_45_54,some_coll_,0.00738454,266.9321559,3.255834328,40.5255823,1.16083474,111.7508139,1.085215325,1
15,BlackNH,Male,Age_45_54,some_coll_,1.96425,270.1277495,4.330490963,41.07451552,0.668610522,138.6006616,1.401895553,0
16,BlackNH,Male,Age_45_54,some_coll_,1.42052,272.9539733,4.232730029,40.75987957,1.139634508,140.6704355,3.193828735,1
1,BlackNH,Male,Age_55_64,HS_or_less,5.58519,183.9646271,1.556926355,64.99656227,0.671505291,113.5116802,0.651528399,0
2,BlackNH,Male,Age_55_64,HS_or_less,1.93472,184.4064095,2.421533839,65.17756124,1.194852399,114.0761519,0.787942704,1
3,BlackNH,Male,Age_55_64,HS_or_less,13.5166,189.2733314,1.465227236,64.02436916,0.69870045,138.7213689,0.627884599,0
4,BlackNH,Male,Age_55_64,HS_or_less,0.752994,255.7530966,2.155113295,68.12755972,1.522844312,114.3547059,0.594353031,0
5,BlackNH,Male,Age_55_64,HS_or_less,5.04264,171.6201763,1.710567703,41.39552042,0.633091229,115.0588057,0.647741671,0
6,BlackNH,Male,Age_55_64,HS_or_less,12.9602,186.6276572,2.11272851,66.7492124,1.02745649,140.7981984,0.855723994,1
7,BlackNH,Male,Age_55_64,HS_or_less,3.29922,254.776485,3.431916798,67.14289943,2.003728539,113.6419697,1.043493775,1
8,BlackNH,Male,Age_55_64,HS_or_less,3.99967,176.6547478,2.331557047,39.67221045,0.576622435,114.4110676,0.796614333,1
9,BlackNH,Male,Age_55_64,HS_or_less,16.2747,178.6039404,1.482335178,40.58695121,0.531270256,138.3262048,0.686735466,0
10,BlackNH,Male,Age_55_64,HS_or_less,0.633543,257.511679,2.795591497,40.84638248,0.908334342,115.5986034,1.015963526,0
11,BlackNH,Male,Age_55_64,HS_or_less,5.08065,263.8246705,2.384715004,70.42806275,1.525108467,139.9861803,0.858027051,0
12,BlackNH,Male,Age_55_64,HS_or_less,2.60906,261.4748658,4.233776537,69.35116658,2.390895356,146.4943759,2.658032704,1
13,BlackNH,Male,Age_55_64,HS_or_less,8.64448,179.6299978,1.907920612,39.45169849,0.614599822,139.0949191,0.88309154,1
14,BlackNH,Male,Age_55_64,HS_or_less,0.0219918,263.8726229,3.655470111,39.86329152,1.12199751,114.8483504,1.024518276,1
15,BlackNH,Male,Age_55_64,HS_or_less,1.66291,267.0682165,3.875000001,40.41222473,0.727890143,141.6981981,1.379407937,0
16,BlackNH,Male,Age_55_64,HS_or_less,0.000833231,269.8944403,3.823063588,40.09758879,1.064981771,143.7679719,3.233460713,1
1,BlackNH,Male,Age_55_64,some_coll_,5.41481,184.2624844,1.537857283,66.79288321,0.662523611,112.392951,0.664800215,0
2,BlackNH,Male,Age_55_64,some_coll_,1.06528,184.7042669,2.389612245,66.97388218,1.177992004,112.9574227,0.877267524,1
3,BlackNH,Male,Age_55_64,some_coll_,15.4834,189.5711888,1.392679532,65.8206901,0.694319121,137.6026397,0.622671156,0
4,BlackNH,Male,Age_55_64,some_coll_,2.24701,256.050954,2.249008019,69.92388066,1.56376786,113.2359767,0.692010057,0
5,BlackNH,Male,Age_55_64,some_coll_,4.95736,171.9180337,1.681452581,43.19184136,0.587837427,113.9400765,0.642424395,0
6,BlackNH,Male,Age_55_64,some_coll_,7.03976,186.9255146,2.112181682,68.54553334,1.052772057,139.6794691,0.799352051,1
7,BlackNH,Male,Age_55_64,some_coll_,0.000784608,255.0743424,3.321578368,68.93922037,2.011436689,112.5232405,1.116706311,1
8,BlackNH,Male,Age_55_64,some_coll_,0.00033248,176.9526052,2.361249483,41.46853139,0.561783674,113.2923383,0.880262458,1
9,BlackNH,Male,Age_55_64,some_coll_,15.9695,178.9017978,1.397593122,42.38327215,0.498208492,137.2074756,0.69393061,0
10,BlackNH,Male,Age_55_64,some_coll_,0.366457,257.8095364,2.893815312,42.64270342,0.894129976,114.4798742,1.025012761,0
11,BlackNH,Male,Age_55_64,some_coll_,4.91935,264.1225278,2.366615246,72.22438369,1.496507729,138.8674511,0.877296595,0
12,BlackNH,Male,Age_55_64,some_coll_,1.39094,261.7727232,4.251360186,71.14748752,2.405013341,145.3756467,2.681787525,1
13,BlackNH,Male,Age_55_64,some_coll_,7.35552,179.9278552,1.7847534,41.24801943,0.611353947,137.9761899,0.912045293,1
14,BlackNH,Male,Age_55_64,some_coll_,0.978008,264.1704803,3.651063465,41.65961245,1.103457644,113.7296212,1.077431913,1
15,BlackNH,Male,Age_55_64,some_coll_,1.33709,267.3660739,4.148531229,42.20854567,0.713261806,140.5794689,1.464323861,0
16,BlackNH,Male,Age_55_64,some_coll_,0.999167,270.1922977,3.886878857,41.89390972,1.124564606,142.6492427,3.260606826,1
1,BlackNH,Male,Age_65_74,HS_or_less,0.882484,176.6043387,1.836388863,65.38058187,0.757206468,115.8526664,0.611825849,0
2,BlackNH,Male,Age_65_74,HS_or_less,1.28982,177.0461212,2.83223043,65.56158084,1.229268225,116.4171381,0.818266646,1
3,BlackNH,Male,Age_65_74,HS_or_less,10.3499,181.9130431,1.646551128,64.40838876,0.664082523,141.0623551,0.509945808,0
4,BlackNH,Male,Age_65_74,HS_or_less,1.47265,248.3928083,2.416873521,68.51157932,1.558978997,116.6956921,0.668562272,0
5,BlackNH,Male,Age_65_74,HS_or_less,2.07651,164.259888,1.883038619,41.77954002,0.645582843,117.3997919,0.644867042,0
6,BlackNH,Male,Age_65_74,HS_or_less,3.79841,179.2673689,2.257112724,67.133232,1.154470342,143.1391846,0.819353275,1
7,BlackNH,Male,Age_65_74,HS_or_less,0,247.4161967,3.857568114,67.52691903,2.092697824,115.9829559,1.155156024,1
8,BlackNH,Male,Age_65_74,HS_or_less,1.20119,169.2944594,2.726520351,40.05623005,0.583033705,116.7520538,0.871404287,1
9,BlackNH,Male,Age_65_74,HS_or_less,12.8539,171.2436521,1.771650852,40.97097081,0.575824467,140.6671911,0.725865782,0
10,BlackNH,Male,Age_65_74,HS_or_less,0,250.1513907,2.989198699,41.23040208,0.936176412,117.9395896,1.067982927,0
11,BlackNH,Male,Age_65_74,HS_or_less,3.73795,256.4643821,2.571110915,70.81208235,1.668047937,142.3271666,0.83288856,0
12,BlackNH,Male,Age_65_74,HS_or_less,1.56964,254.1145775,4.83850241,69.73518618,2.556762868,148.8353621,2.617648649,1
13,BlackNH,Male,Age_65_74,HS_or_less,3.66262,172.2697095,2.180273083,39.83571809,0.650276706,141.4359053,0.871992743,1
14,BlackNH,Male,Age_65_74,HS_or_less,0,256.5123346,3.355938584,40.24731112,1.168371396,117.1893366,1.082788976,1
15,BlackNH,Male,Age_65_74,HS_or_less,0.756644,259.7079281,4.223511432,40.79624433,0.836044659,144.0391843,1.353177716,0
16,BlackNH,Male,Age_65_74,HS_or_less,0,262.534152,4.423387618,40.48160838,1.060266244,146.1089582,3.287820859,1
1,BlackNH,Male,Age_65_74,some_coll_,2.11752,176.9021961,1.840979946,67.17690281,0.775585687,114.7339372,0.653808278,0
2,BlackNH,Male,Age_65_74,some_coll_,0.710183,177.3439786,2.818483194,67.35790178,1.229327711,115.2984089,0.924104556,1
3,BlackNH,Male,Age_65_74,some_coll_,8.65005,182.2109005,1.606142522,66.2047097,0.689242819,139.9436259,0.537763283,0
4,BlackNH,Male,Age_65_74,some_coll_,0.527345,248.6906657,2.516088061,70.30790026,1.611485022,115.5769629,0.77991168,0
5,BlackNH,Male,Age_65_74,some_coll_,0.923488,164.5577453,1.876958474,43.57586096,0.63378142,116.2810627,0.666826556,0
6,BlackNH,Male,Age_65_74,some_coll_,1.20159,179.5652263,2.273355518,68.92955294,1.19399216,142.0204554,0.783392787,1
7,BlackNH,Male,Age_65_74,some_coll_,0,247.7140541,3.769822205,69.32323997,2.109617744,114.8642267,1.236205277,1
8,BlackNH,Male,Age_65_74,some_coll_,0.798809,169.5923168,2.765710006,41.85255099,0.602651731,115.6333246,0.967097386,1
9,BlackNH,Male,Age_65_74,some_coll_,8.30638,171.5415095,1.723540963,42.76729175,0.581111673,139.5484618,0.756623781,0
10,BlackNH,Male,Age_65_74,some_coll_,0,250.4492481,3.093548426,43.02672302,0.943915651,116.8208604,1.093032995,0
11,BlackNH,Male,Age_65_74,some_coll_,2.26205,256.7622395,2.569146,72.60840329,1.654121159,141.2084374,0.873387984,0
12,BlackNH,Male,Age_65_74,some_coll_,0.430357,254.4124349,4.861707827,71.53150712,2.577770019,147.7166329,2.648508117,1
13,BlackNH,Male,Age_65_74,some_coll_,2.33738,172.5675669,2.091571684,41.63203903,0.677520364,140.3171761,0.92087546,1
14,BlackNH,Male,Age_65_74,some_coll_,0,256.810192,3.362443193,42.04363205,1.167897866,116.0706074,1.14861574,1
15,BlackNH,Male,Age_65_74,some_coll_,0.243356,260.0057855,4.484265037,42.59256527,0.847373801,142.9204551,1.451975332,0
16,BlackNH,Male,Age_65_74,some_coll_,0,262.8320094,4.487122444,42.27792932,1.137882784,144.990229,3.31989744,1
1,BlackNH,Male,Age_75_,HS_or_less,3.42525,172.156838,1.677573407,64.59620513,0.701244351,119.6853836,0.791947263,0
2,BlackNH,Male,Age_75_,HS_or_less,0,172.5986204,2.69554977,64.7772041,1.220535122,120.2498553,1.062160344,1
3,BlackNH,Male,Age_75_,HS_or_less,9.86056,177.4655423,1.397459855,63.62401202,0.617585093,144.8950723,0.733060646,0
4,BlackNH,Male,Age_75_,HS_or_less,0.999776,243.9453076,2.258772726,67.72720258,1.576127627,120.5284093,0.847741786,0
5,BlackNH,Male,Age_75_,HS_or_less,0.981497,159.8123872,1.678681886,40.99516328,0.67130352,121.2325091,0.751843719,0
6,BlackNH,Male,Age_75_,HS_or_less,1.60627,174.8198681,2.195738165,66.34885526,1.028306473,146.9719018,0.851510737,1
7,BlackNH,Male,Age_75_,HS_or_less,0,242.9686959,3.662276114,66.74254229,2.082678853,119.8156731,1.10031165,1
8,BlackNH,Male,Age_75_,HS_or_less,0.998838,164.8469587,2.690174097,39.27185331,0.58788363,120.584771,0.997846465,1
9,BlackNH,Male,Age_75_,HS_or_less,6.54193,166.7961513,1.516341631,40.18659407,0.574002761,144.4999082,0.785680998,0
10,BlackNH,Male,Age_75_,HS_or_less,0,245.70389,3.041880853,40.44602534,0.928363618,121.7723068,1.146850439,0
11,BlackNH,Male,Age_75_,HS_or_less,3.71525,252.0168814,2.447244,70.02770561,1.318185098,146.1598837,1.042560404,0
12,BlackNH,Male,Age_75_,HS_or_less,0,249.6670767,4.525569964,68.95080944,2.379485704,152.6680793,2.815543501,1
13,BlackNH,Male,Age_75_,HS_or_less,1.41072,167.8222087,1.974074552,39.05134135,0.612809445,145.2686225,0.883060689,1
14,BlackNH,Male,Age_75_,HS_or_less,0,252.0648338,3.524341324,39.46293437,1.174296398,121.0220538,1.203708066,1
15,BlackNH,Male,Age_75_,HS_or_less,0,255.2604274,4.014917719,40.01186759,0.763346606,147.8719015,1.412158375,0
16,BlackNH,Male,Age_75_,HS_or_less,0,258.0866512,4.25743133,39.69723164,1.15611827,149.9416754,3.278719118,1
1,BlackNH,Male,Age_75_,some_coll_,0.574747,172.4546954,1.719222884,66.39252607,0.703054561,118.5666544,0.860002122,0
2,BlackNH,Male,Age_75_,some_coll_,0,172.8964778,2.704237148,66.57352504,1.210050738,119.1311261,1.171273798,1
3,BlackNH,Male,Age_75_,some_coll_,3.13944,177.7633997,1.395008572,65.42033296,0.624365251,143.7763431,0.791082373,0
4,BlackNH,Male,Age_75_,some_coll_,0.000223757,244.2431649,2.390829861,69.52352352,1.620190517,119.4096801,0.969144799,0
5,BlackNH,Male,Age_75_,some_coll_,1.0185,160.1102446,1.708713912,42.79148422,0.640250459,120.1137799,0.80830806,0
6,BlackNH,Male,Age_75_,some_coll_,1.39373,175.1177255,2.240411844,68.1451762,1.060471718,145.8531726,0.852480964,1
7,BlackNH,Male,Age_75_,some_coll_,0,243.2665533,3.587141721,68.53886323,2.093567434,118.6969439,1.209872953,1
8,BlackNH,Male,Age_75_,some_coll_,0.00116242,165.1448161,2.752610937,41.06817425,0.58586562,119.4660418,1.109467565,1
9,BlackNH,Male,Age_75_,some_coll_,2.52677,167.0940087,1.501908898,41.98291501,0.556746516,143.381179,0.849812822,0
10,BlackNH,Male,Age_75_,some_coll_,0,246.0017473,3.164231946,42.24234628,0.922377385,120.6535776,1.195277505,0
11,BlackNH,Male,Age_75_,some_coll_,1.28475,252.3147388,2.470525189,71.82402655,1.290625971,145.0411545,1.102417436,0
12,BlackNH,Male,Age_75_,some_coll_,0,249.9649341,4.564041259,70.74713038,2.396702876,151.5493501,2.854660188,1
13,BlackNH,Male,Age_75_,some_coll_,0.589275,168.1200661,1.90857104,40.84766229,0.621353377,144.1498933,0.962665694,1
14,BlackNH,Male,Age_75_,some_coll_,0,252.3626912,3.54813668,41.25925531,1.162856951,119.9033246,1.286502253,1
15,BlackNH,Male,Age_75_,some_coll_,0,255.5582848,4.302875793,41.80818853,0.759039052,146.7531723,1.526637646,0
16,BlackNH,Male,Age_75_,some_coll_,0,258.3845086,4.337997582,41.49355258,1.217206939,148.8229462,3.319825425,1
1,BlackNH,Female,Age_35_44,HS_or_less,10.0042,185.9344819,1.273670872,64.71662575,0.64212061,110.2623617,0.535167376,0
2,BlackNH,Female,Age_35_44,HS_or_less,6.75513,186.3762644,2.372089918,64.89762472,1.136457943,110.8268334,0.64082982,1
3,BlackNH,Female,Age_35_44,HS_or_less,11.8437,191.2431863,1.204873833,63.74443265,0.571094146,135.4720504,0.494237454,0
4,BlackNH,Female,Age_35_44,HS_or_less,4.1921,257.7229515,1.913513193,67.8476232,1.497380871,111.1053874,0.558860707,0
5,BlackNH,Female,Age_35_44,HS_or_less,7.18913,173.5900311,1.519880032,41.11558391,0.629924096,111.8094872,0.518210575,0
6,BlackNH,Female,Age_35_44,HS_or_less,6.70479,188.5975121,1.944147536,66.46927588,0.999362115,137.5488799,0.927354163,1
7,BlackNH,Female,Age_35_44,HS_or_less,2.14357,256.7463399,3.567236317,66.86296291,2.169208095,110.3926512,1.075237809,1
8,BlackNH,Female,Age_35_44,HS_or_less,6.25072,178.6246026,2.522100282,39.39227394,0.670515607,111.1617491,0.700414264,1
9,BlackNH,Female,Age_35_44,HS_or_less,7.66767,180.5737953,1.410075574,40.30701469,0.679891657,135.0768864,0.59631382,0
10,BlackNH,Female,Age_35_44,HS_or_less,0,259.4815339,2.992523899,40.56644596,0.981116935,112.3492849,1.034854265,0
11,BlackNH,Female,Age_35_44,HS_or_less,3.24049,265.7945253,2.230570757,70.14812623,1.407660287,136.7368619,0.805171553,0
12,BlackNH,Female,Age_35_44,HS_or_less,3.37547,263.4447207,4.546865015,69.07123006,2.20157448,143.2450574,2.603103687,1
13,BlackNH,Female,Age_35_44,HS_or_less,5.11904,181.5998527,1.838209876,39.17176197,0.630715785,135.8456007,0.895486703,1
14,BlackNH,Female,Age_35_44,HS_or_less,0,265.8424778,3.508201305,39.583355,1.338211427,111.5990319,1.111312627,1
15,BlackNH,Female,Age_35_44,HS_or_less,1.28341,269.0380713,3.937877817,40.13228822,0.728834405,138.4488796,1.28617732,0
16,BlackNH,Female,Age_35_44,HS_or_less,0.0253289,271.8642952,4.147293399,39.81765227,1.128456423,140.5186535,3.235744734,1
1,BlackNH,Female,Age_35_44,some_coll_,43.9958,186.2323393,1.299855062,66.51294669,0.608054677,109.1436325,0.47896649,0
2,BlackNH,Female,Age_35_44,some_coll_,5.76661,186.6741218,2.366354045,66.69394566,1.104953844,109.7081042,0.696377893,1
3,BlackNH,Female,Age_35_44,some_coll_,39.1563,191.5410437,1.170806014,65.54075358,0.537995056,134.3533212,0.404086212,0
4,BlackNH,Female,Age_35_44,some_coll_,8.8079,258.0208089,2.049745554,69.64394414,1.529005568,109.9866582,0.602895008,0
5,BlackNH,Female,Age_35_44,some_coll_,14.8109,173.8878885,1.528946228,42.91190484,0.557625445,110.690758,0.432685496,0
6,BlackNH,Female,Age_35_44,some_coll_,2.29521,188.8953695,1.975803555,68.26559682,1.010336694,136.4301507,0.831997956,1
7,BlackNH,Female,Age_35_44,some_coll_,1.85643,257.0441973,3.479425992,68.65928385,2.169287139,109.273922,1.113474193,1
8,BlackNH,Female,Age_35_44,some_coll_,1.74928,178.92246,2.574243779,41.18859487,0.634107308,110.0430199,0.745910483,1
9,BlackNH,Female,Age_35_44,some_coll_,19.3323,180.8716527,1.367721617,42.10333563,0.630563014,133.9581572,0.539498813,0
10,BlackNH,Female,Age_35_44,some_coll_,1,259.7793913,3.10490497,42.3627669,0.952040446,111.2305557,1.007436019,0
11,BlackNH,Female,Age_35_44,some_coll_,5.75951,266.0923827,2.239608966,71.94444717,1.365459799,135.6181327,0.779278405,0
12,BlackNH,Female,Age_35_44,some_coll_,0.624531,263.7425781,4.577071278,70.867551,2.209984658,142.1263282,2.613145611,1
13,BlackNH,Female,Age_35_44,some_coll_,3.88096,181.8977101,1.746596556,40.96808291,0.602674491,134.7268715,0.882840354,1
14,BlackNH,Female,Age_35_44,some_coll_,1,266.1403352,3.521601828,41.37967594,1.311084901,110.4803027,1.12772882,1
15,BlackNH,Female,Age_35_44,some_coll_,1.71659,269.3359287,4.222317894,41.92860915,0.692467593,137.3301504,1.349542484,0
16,BlackNH,Female,Age_35_44,some_coll_,0.974671,272.1621526,4.221191174,41.6139732,1.17186463,139.3999243,3.251440815,1
1,BlackNH,Female,Age_45_54,HS_or_less,11.8971,189.6911604,1.286879455,65.43989017,0.651190553,111.0050566,0.548412055,0
2,BlackNH,Female,Age_45_54,HS_or_less,0.959246,190.1329429,2.449309371,65.62088915,1.125284875,111.5695282,0.63507536,1
3,BlackNH,Female,Age_45_54,HS_or_less,19.6569,194.9998648,1.228386757,64.46769707,0.650688718,136.2147452,0.507648648,0
4,BlackNH,Female,Age_45_54,HS_or_less,1.71054,261.47963,2.09123471,68.57088762,1.447388568,111.8480822,0.583778814,0
5,BlackNH,Female,Age_45_54,HS_or_less,7.17196,177.3467097,1.485238929,41.83884833,0.61198208,112.552182,0.488781615,0
6,BlackNH,Female,Age_45_54,HS_or_less,10.5507,192.3541906,1.870661522,67.1925403,1.029678855,138.2915747,0.802311294,1
7,BlackNH,Female,Age_45_54,HS_or_less,3.38861,260.5030184,3.584352194,67.58622733,2.081167436,111.1353461,0.993857075,1
8,BlackNH,Female,Age_45_54,HS_or_less,3.46179,182.3812811,2.558444784,40.11553836,0.621509704,111.9044439,0.735077528,1
9,BlackNH,Female,Age_45_54,HS_or_less,10.2657,184.3304738,1.416911252,41.03027911,0.636822544,135.8195812,0.556904263,0
10,BlackNH,Female,Age_45_54,HS_or_less,0,263.2382124,3.125723656,41.28971038,0.940541107,113.0919797,1.061097728,0
11,BlackNH,Female,Age_45_54,HS_or_less,10.0804,269.5512038,2.369249859,70.87139065,1.403238264,137.4795567,0.814862818,0
12,BlackNH,Female,Age_45_54,HS_or_less,4.13265,267.2013992,4.597369816,69.79449448,2.254963634,143.9877523,2.625492702,1
13,BlackNH,Female,Age_45_54,HS_or_less,9.1135,185.3565312,2.051506368,39.89502639,0.557037287,136.5882955,0.891301867,1
14,BlackNH,Female,Age_45_54,HS_or_less,0,269.5991563,3.23524978,40.30661942,1.29796535,112.3417267,1.043365402,1
15,BlackNH,Female,Age_45_54,HS_or_less,0.52863,272.7947499,4.178049069,40.85555264,0.7383126,139.1915744,1.315962648,0
16,BlackNH,Female,Age_45_54,HS_or_less,0,275.6209737,4.252132774,40.54091669,1.041241082,141.2613483,3.167802182,1
1,BlackNH,Female,Age_45_54,some_coll_,21.1029,189.9890178,1.350742664,67.23621111,0.594851784,109.8863274,0.537290587,0
2,BlackNH,Female,Age_45_54,some_coll_,4.25815,190.4308003,2.464345472,67.41721008,1.080759126,110.450799,0.72285589,1
3,BlackNH,Female,Age_45_54,some_coll_,44.3431,195.2977222,1.236552108,66.26401801,0.599227719,135.096016,0.470789517,0
4,BlackNH,Female,Age_45_54,some_coll_,6.28946,261.7774874,2.239251667,70.36720856,1.47072435,110.729353,0.66096552,0
5,BlackNH,Female,Age_45_54,some_coll_,9.82804,177.6445671,1.52795198,43.63516927,0.510932219,111.4334528,0.45000291,0
6,BlackNH,Female,Age_45_54,some_coll_,7.44926,192.652048,1.92990308,68.98886124,1.026977136,137.1728455,0.721705536,1
7,BlackNH,Female,Age_45_54,some_coll_,0.611391,260.8008758,3.511391784,69.38254827,2.074605679,110.0166168,1.056579827,1
8,BlackNH,Female,Age_45_54,some_coll_,0.538215,182.6791385,2.62915238,41.9118593,0.557819959,110.7857147,0.806884064,1
9,BlackNH,Female,Age_45_54,some_coll_,17.7343,184.6283312,1.411045044,42.82660005,0.559721269,134.700852,0.53900999,0
10,BlackNH,Female,Age_45_54,some_coll_,0,263.5360698,3.249068371,43.08603132,0.89487208,111.9732505,1.055865987,0
11,BlackNH,Female,Age_45_54,some_coll_,11.9196,269.8490612,2.398918221,72.66771159,1.350717773,136.3608275,0.817248817,0
12,BlackNH,Female,Age_45_54,some_coll_,2.86735,267.4992566,4.638153787,71.59081542,2.257066876,142.869023,2.643957965,1
13,BlackNH,Female,Age_45_54,some_coll_,3.8865,185.6543886,1.995325456,41.69134733,0.498088923,135.4695663,0.903797702,1
14,BlackNH,Female,Age_45_54,some_coll_,1,269.8970137,3.265287966,42.10294036,1.259061452,111.2229975,1.081798739,1
15,BlackNH,Female,Age_45_54,some_coll_,0.47137,273.0926072,4.458502219,42.65187358,0.682499207,138.0728452,1.394163234,0
16,BlackNH,Female,Age_45_54,some_coll_,0,275.9188311,4.335908999,42.33723763,1.075371424,140.1426191,3.190879921,1
1,BlackNH,Female,Age_55_64,HS_or_less,7.09988,186.9294848,1.321336701,66.57392033,0.668944515,112.9838638,0.532554336,0
2,BlackNH,Female,Age_55_64,HS_or_less,1.29644,187.3712673,2.261521736,66.7549193,1.142159875,113.5483355,0.653107681,1
3,BlackNH,Female,Age_55_64,HS_or_less,23.8576,192.2381891,1.34454936,65.60172722,0.631654826,138.1935525,0.507046783,0
4,BlackNH,Female,Age_55_64,HS_or_less,1.93481,258.7179544,2.059001986,69.70491778,1.529116864,113.8268895,0.509894633,0
5,BlackNH,Female,Age_55_64,HS_or_less,6.43227,174.585034,1.557525979,42.97287848,0.631565042,114.5309893,0.53520037,0
6,BlackNH,Female,Age_55_64,HS_or_less,7.90859,189.592515,2.081798462,68.32657046,0.957456742,140.2703819,0.902244023,1
7,BlackNH,Female,Age_55_64,HS_or_less,0.467817,257.7413428,3.488499813,68.72025749,2.025851315,113.1141533,0.960339547,1
8,BlackNH,Female,Age_55_64,HS_or_less,2.28842,179.6196055,2.619977739,41.24956851,0.635311517,113.8832511,0.692566173,1
9,BlackNH,Female,Age_55_64,HS_or_less,6.64851,181.5687982,1.406936549,42.16430926,0.609808384,137.7983884,0.573017145,0
10,BlackNH,Female,Age_55_64,HS_or_less,0,260.4765368,3.135388303,42.42374054,0.971099891,115.070787,0.990832752,0
11,BlackNH,Female,Age_55_64,HS_or_less,12.5822,266.7895282,2.183689098,72.00542081,1.500378362,139.4583639,0.80494931,0
12,BlackNH,Female,Age_55_64,HS_or_less,3.70743,264.4397236,4.255979323,70.92852464,2.259122889,145.9665595,2.660834238,1
13,BlackNH,Female,Age_55_64,HS_or_less,5.73196,182.5948556,1.912453164,41.02905655,0.642238207,138.5671027,0.901988448,1
14,BlackNH,Female,Age_55_64,HS_or_less,0,266.8374806,3.702635804,41.44064957,1.215132255,114.320534,1.009141436,1
15,BlackNH,Female,Age_55_64,HS_or_less,1.37054,270.0330742,4.052914617,41.98958279,0.727020451,141.1703817,1.362820152,0
16,BlackNH,Female,Age_55_64,HS_or_less,1.97467,272.859298,3.973074424,41.67494684,0.985805559,143.2401555,3.226851933,1
1,BlackNH,Female,Age_55_64,some_coll_,9.90012,187.2273422,1.395626512,68.37024127,0.632039928,111.8651346,0.513837436,0
2,BlackNH,Female,Age_55_64,some_coll_,2.87748,187.6691247,2.285116724,68.55124024,1.108373409,112.4296063,0.733647712,1
3,BlackNH,Female,Age_55_64,some_coll_,30.1424,192.5360465,1.364307788,67.39804816,0.597372639,137.0748233,0.462083821,0
4,BlackNH,Female,Age_55_64,some_coll_,4.06519,259.0158118,2.216725122,71.50123872,1.558359082,112.7081603,0.590389405,0
5,BlackNH,Female,Age_55_64,some_coll_,3.56773,174.8828914,1.608721674,44.76919942,0.554610013,113.4122601,0.492467244,0
6,BlackNH,Female,Age_55_64,some_coll_,6.09141,189.8903723,2.142996004,70.12289139,0.966103051,139.1516527,0.826854971,1
7,BlackNH,Female,Age_55_64,some_coll_,2.53218,258.0392002,3.418379474,70.51657842,2.024596892,111.9954241,1.021445294,1
8,BlackNH,Female,Age_55_64,some_coll_,0.711577,179.9174629,2.695270218,43.04588945,0.592197363,112.7645219,0.763452829,1
9,BlackNH,Female,Age_55_64,some_coll_,12.3515,181.8666556,1.412896579,43.9606302,0.54936273,136.6796592,0.548841924,0
10,BlackNH,Female,Age_55_64,some_coll_,1,260.7743942,3.263487764,44.22006147,0.938829943,113.9520578,0.981408955,0
11,BlackNH,Female,Age_55_64,some_coll_,13.4178,267.0873856,2.22336625,73.80174175,1.459001132,138.3396347,0.802699823,0
12,BlackNH,Female,Age_55_64,some_coll_,3.29257,264.7375809,4.303883944,72.72484557,2.266123191,144.8478303,2.67765383,1
13,BlackNH,Female,Age_55_64,some_coll_,4.26804,182.892713,1.861052947,42.82537749,0.610295133,137.4483735,0.910221856,1
14,BlackNH,Female,Age_55_64,some_coll_,0,267.135338,3.73338612,43.23697051,1.182901638,113.2018048,1.045243027,1
15,BlackNH,Female,Age_55_64,some_coll_,1.62946,270.3309316,4.345303278,43.78590373,0.686619697,140.0516525,1.435862666,0
16,BlackNH,Female,Age_55_64,some_coll_,0.0253289,273.1571554,4.06671732,43.47126778,1.032589709,142.1214263,3.248354476,1
1,BlackNH,Female,Age_65_74,HS_or_less,5.15093,179.5691965,1.50717658,66.95793993,0.709541993,115.32485,0.545234265,0
2,BlackNH,Female,Age_65_74,HS_or_less,0.98919,180.0109789,2.617160641,67.1389389,1.149555606,115.8893217,0.734221294,1
3,BlackNH,Female,Age_65_74,HS_or_less,19.3657,184.8779008,1.39620877,65.98574682,0.53416467,140.5345387,0.432118925,0
4,BlackNH,Female,Age_65_74,HS_or_less,1.55291,251.3576661,2.23910689,70.08893738,1.543722739,116.1678757,0.646171177,0
5,BlackNH,Female,Age_65_74,HS_or_less,2.92019,167.2247457,1.619575849,43.35689808,0.590226992,116.8719755,0.58868356,0
6,BlackNH,Female,Age_65_74,HS_or_less,4.79602,182.2322266,2.131236053,68.71059005,1.061781117,142.6113682,0.903850197,1
7,BlackNH,Female,Age_65_74,HS_or_less,0,250.3810545,3.853538111,69.10427708,2.098106402,115.4551395,1.109767045,1
8,BlackNH,Female,Age_65_74,HS_or_less,0.999068,172.2593172,2.905061875,41.63358811,0.587006295,116.2242374,0.817449453,1
9,BlackNH,Female,Age_65_74,HS_or_less,7.38132,174.2085098,1.580584005,42.54832886,0.595577698,140.1393746,0.668916175,0
10,BlackNH,Female,Age_65_74,HS_or_less,0,253.1162485,3.244685353,42.80776013,0.963281263,117.4117732,1.074234545,0
11,BlackNH,Female,Age_65_74,HS_or_less,7.68541,259.4292399,2.295558744,72.38944041,1.625141259,141.7993502,0.818083731,0
12,BlackNH,Female,Age_65_74,HS_or_less,0.473906,257.0794352,4.81424428,71.31254424,2.42029188,148.3075457,2.632643178,1
13,BlackNH,Female,Age_65_74,HS_or_less,2.0355,175.2345673,2.085246494,41.41307615,0.625393927,140.9080889,0.9262443,1
14,BlackNH,Female,Age_65_74,HS_or_less,0,259.4771923,3.344655457,41.82466917,1.231373421,116.6615202,1.097718258,1
15,BlackNH,Female,Age_65_74,HS_or_less,0.817714,262.6727859,4.338880833,42.37360239,0.794497416,143.5113679,1.359936435,0
16,BlackNH,Female,Age_65_74,HS_or_less,0,265.4990097,4.507017793,42.05896644,0.946209137,145.5811418,3.291032646,1
1,BlackNH,Female,Age_65_74,some_coll_,3.84907,179.8670539,1.596659538,68.75426087,0.703982166,114.2061208,0.559785241,0
2,BlackNH,Female,Age_65_74,some_coll_,1.09777,180.3088363,2.651924859,68.93525984,1.133840319,114.7705925,0.82851346,1
3,BlackNH,Female,Age_65_74,some_coll_,19.6343,185.1757582,1.441811169,67.78206776,0.532307701,139.4158095,0.422866533,0
4,BlackNH,Female,Age_65_74,some_coll_,2.44709,251.6555235,2.400807887,71.88525832,1.585407797,115.0491465,0.736049336,0
5,BlackNH,Female,Age_65_74,some_coll_,1.07981,167.5226031,1.691455568,45.15321902,0.545196396,115.7532463,0.581633223,0
6,BlackNH,Female,Age_65_74,some_coll_,1.20398,182.530084,2.208305212,70.50691099,1.088193079,141.492639,0.849855498,1
7,BlackNH,Female,Age_65_74,some_coll_,0,250.6789119,3.800176445,70.90059802,2.106447921,114.3364103,1.178280807,1
8,BlackNH,Female,Age_65_74,some_coll_,0.00093197,172.5571746,2.98588018,43.42990905,0.576026671,115.1055082,0.898387583,1
9,BlackNH,Female,Age_65_74,some_coll_,3.61868,174.5063672,1.609642769,44.3446498,0.569911644,139.0206454,0.675271783,0
10,BlackNH,Female,Age_65_74,some_coll_,0,253.4141059,3.379877715,44.60408107,0.952066595,116.293044,1.082154413,0
11,BlackNH,Female,Age_65_74,some_coll_,8.31459,259.7270973,2.349541893,74.18576135,1.599620745,140.6806209,0.837441895,0
12,BlackNH,Female,Age_65_74,some_coll_,0.526094,257.3772926,4.864452975,73.10886517,2.43508608,147.1888165,2.656363232,1
13,BlackNH,Female,Age_65_74,some_coll_,0.9645,175.5324246,2.056742976,43.20939709,0.625508706,139.7893597,0.953159741,1
14,BlackNH,Female,Age_65_74,some_coll_,0,259.7750497,3.389878746,43.62099011,1.216200532,115.542791,1.146654369,1
15,BlackNH,Female,Age_65_74,some_coll_,0.182286,262.9706433,4.621398957,44.16992333,0.783752103,142.3926387,1.445515223,0
16,BlackNH,Female,Age_65_74,some_coll_,0,265.7968671,4.59804051,43.85528738,1.014836924,144.4624126,3.317498094,1
1,BlackNH,Female,Age_75_,HS_or_less,1.84795,175.1216957,1.610513973,66.17356319,0.726550414,119.1575672,0.712450678,0
2,BlackNH,Female,Age_75_,HS_or_less,0,175.5634782,2.64087764,66.35456216,1.185802414,119.7220389,0.977323472,1
3,BlackNH,Female,Age_75_,HS_or_less,17.2761,180.4304001,1.439238651,65.20137008,0.576004605,144.3672559,0.64924257,0
4,BlackNH,Female,Age_75_,HS_or_less,2.96257,246.9101653,2.270379221,69.30456064,1.594643012,120.0005929,0.804166514,0
5,BlackNH,Female,Age_75_,HS_or_less,1.28645,162.7772449,1.665956152,42.57252134,0.698772331,120.7046927,0.67336452,0
6,BlackNH,Female,Age_75_,HS_or_less,2.03985,177.7847259,2.269167444,67.92621331,0.978792743,146.4440854,0.910017523,1
7,BlackNH,Female,Age_75_,HS_or_less,0,245.9335537,3.776431661,68.31990034,2.11335306,119.2878567,1.032152677,1
8,BlackNH,Female,Age_75_,HS_or_less,0,167.8118164,3.020389625,40.84921137,0.675499009,120.0569546,0.928456629,1
9,BlackNH,Female,Age_75_,HS_or_less,5.03684,169.7610091,1.59343545,41.76395212,0.677245751,143.9720918,0.703788543,0
10,BlackNH,Female,Age_75_,HS_or_less,0,248.6687477,3.42431874,42.02338339,1.009647059,121.2444904,1.134069761,0
11,BlackNH,Female,Age_75_,HS_or_less,7.41151,254.9817391,2.351218267,71.60506367,1.304743577,145.6320673,1.009923662,0
12,BlackNH,Female,Age_75_,HS_or_less,0.310535,252.6319345,4.596397661,70.52816749,2.255830732,152.1402629,2.821961521,1
13,BlackNH,Female,Age_75_,HS_or_less,0,170.7870665,2.090903656,40.62869941,0.670698774,144.7408061,0.913678996,1
14,BlackNH,Female,Age_75_,HS_or_less,0,255.0296916,3.636705054,41.04029243,1.279142085,120.4942374,1.19955095,1
15,BlackNH,Female,Age_75_,HS_or_less,0.999703,258.2252851,4.241184728,41.58922565,0.788033739,147.3440851,1.403561335,0
16,BlackNH,Female,Age_75_,HS_or_less,0,261.051509,4.444414296,41.2745897,1.101726072,149.4138589,3.275451862,1
1,BlackNH,Female,Age_75_,some_coll_,2.15205,175.4195531,1.730920964,67.96988413,0.703126665,118.038838,0.763514158,0
2,BlackNH,Female,Age_75_,some_coll_,0,175.8613356,2.698518488,68.1508831,1.159574791,118.6033097,1.077869937,1
3,BlackNH,Female,Age_75_,some_coll_,10.7239,180.7282575,1.524932817,66.99769102,0.551517408,143.2485267,0.687672919,0
4,BlackNH,Female,Age_75_,some_coll_,1.03743,247.2080227,2.455502461,71.10088157,1.627173893,118.8818637,0.911155314,0
5,BlackNH,Female,Age_75_,some_coll_,0.713547,163.0751023,1.771439412,44.36884228,0.641501779,119.5859635,0.710251672,0
6,BlackNH,Female,Age_75_,some_coll_,0.960147,178.0825833,2.368154844,69.72253425,0.994580727,145.3253561,0.890353789,1
7,BlackNH,Female,Age_75_,some_coll_,0,246.2314111,3.738664577,70.11622128,2.115585989,118.1691275,1.131985293,1
8,BlackNH,Female,Age_75_,some_coll_,0,168.1096738,3.118243274,42.64553231,0.6464517,118.9382254,1.02965875,1
9,BlackNH,Female,Age_75_,some_coll_,2.96316,170.0588665,1.660220547,43.56027306,0.63491641,142.8533626,0.750433364,0
10,BlackNH,Female,Age_75_,some_coll_,0,248.9666051,3.570173785,43.81970433,0.986041453,120.1257612,1.167253754,0
11,BlackNH,Female,Age_75_,some_coll_,5.58849,255.2795965,2.429727595,73.40138461,1.262706923,144.5133381,1.05417386,0
12,BlackNH,Female,Age_75_,some_coll_,0.689465,252.9297919,4.662340389,72.32448843,2.266048164,151.0215337,2.85450716,1
13,BlackNH,Female,Age_75_,some_coll_,0,171.0849239,2.092464697,42.42502034,0.651422272,143.6220769,0.971948087,1
14,BlackNH,Female,Age_75_,some_coll_,0,255.3275489,3.695236544,42.83661337,1.254367673,119.3755082,1.268086014,1
15,BlackNH,Female,Age_75_,some_coll_,0.000297139,258.5231425,4.543531779,43.38554659,0.760532013,146.2253559,1.506439632,0
16,BlackNH,Female,Age_75_,some_coll_,0,261.3493664,4.550404076,43.07091064,1.150110057,148.2951297,3.311007613,1
