GEO_ID_2,GEO_ID,MSA,HH_TOT,HH_FAMILY,HH_FAM_2P,HH_FAM_3P,HH_FAM_4P,HH_FAM_5P,HH_FAM_6P,HH_FAM_7P,HH_NON_FAMILY,HH_NON_FAM_1P,HH_NON_FAM_2P,HH_NON_FAM_3P,HH_NON_FAM_4P,HH_NON_FAM_5P,HH_NON_FAM_6P,HH_NON_FAM_7P
10180,310M100US10180,"Abilene, TX Metro Area",60912,40747,19160,9310,7127,3627,1104,419,20165,16975,2502,507,140,41,0,0
10420,310M100US10420,"Akron, OH Metro Area",284941,183596,85880,40327,35594,14789,4855,2151,101345,84329,14372,1675,708,201,41,19
10500,310M100US10500,"Albany, GA Metro Area",58366,39336,17191,9290,7667,3629,702,857,19030,16785,1996,196,16,18,19,0
10580,310M100US10580,"Albany-Schenectady-Troy, NY Metro Area",346139,213800,98996,49701,41416,16819,4713,2155,132339,105226,23073,3077,758,182,6,17
10740,310M100US10740,"Albuquerque, NM Metro Area",336709,215464,92829,50740,41870,19315,6731,3979,121245,98502,19605,2242,742,133,21,0
10780,310M100US10780,"Alexandria, LA Metro Area",55534,38326,17266,9050,7388,2978,867,777,17208,15074,1709,252,77,93,3,0
10900,310M100US10900,"Allentown-Bethlehem-Easton, PA-NJ Metro Area",312520,215755,92359,50508,45807,18458,5667,2956,96765,79890,14544,1335,720,232,44,0
11020,310M100US11020,"Altoona, PA Metro Area",51651,34060,16697,8148,5675,2370,854,316,17591,14837,2340,205,163,9,37,0
11100,310M100US11100,"Amarillo, TX Metro Area",90561,61108,26645,14541,11341,5743,1737,1101,29453,24982,3735,421,308,7,0,0
11180,310M100US11180,"Ames, IA Metro Area",34227,18575,9797,3611,3358,1314,311,184,15652,9678,4142,1350,394,88,0,0
11260,310M100US11260,"Anchorage, AK Metro Area",133676,91429,36965,21574,18142,8712,3337,2699,42247,31633,8727,1279,449,124,35,0
11300,310M100US11300,"Anderson, IN Metro Area",51436,33572,15883,8032,6031,2533,593,500,17864,15246,2140,165,227,86,0,0
11340,310M100US11340,"Anderson, SC Metro Area",71973,51466,24437,11950,9225,4074,1288,492,20507,17715,2421,212,113,38,0,8
11460,310M100US11460,"Ann Arbor, MI Metro Area",134161,79138,35342,18578,16652,5767,1866,933,55023,40736,10661,1814,878,311,261,362
11500,310M100US11500,"Anniston-Oxford, AL Metro Area",46421,31201,14644,7910,5442,2181,720,304,15220,13190,1706,115,169,19,21,0
11540,310M100US11540,"Appleton, WI Metro Area",87327,60294,26672,12860,13145,5169,1607,841,27033,22096,4380,506,36,12,3,0
11700,310M100US11700,"Asheville, NC Metro Area",178865,114994,59744,25723,18915,6756,2655,1201,63871,52589,9178,1353,588,122,29,12
12020,310M100US12020,"Athens-Clarke County, GA Metro Area",67266,40689,19022,9763,7068,3180,1016,640,26577,18848,5115,1325,1141,136,12,0
12060,310M100US12060,"Atlanta-Sandy Springs-Marietta, GA Metro Area",1874002,1277286,496575,309251,279336,121817,45444,24863,596716,489229,86719,13787,4411,1768,591,211
12100,310M100US12100,"Atlantic City-Hammonton, NJ Metro Area",101645,67256,26452,16968,14817,5551,2207,1261,34389,29266,4266,678,92,74,13,0
12220,310M100US12220,"Auburn-Opelika, AL Metro Area",54016,32036,13889,7860,6387,2711,822,367,21980,16425,3889,1082,441,62,35,46
12260,310M100US12260,"Augusta-Richmond County, GA-SC Metro Area",203083,140260,62270,34257,26619,11169,3898,2047,62823,54774,7000,638,248,154,0,9
12420,310M100US12420,"Austin-Round Rock-San Marcos, TX Metro Area",620073,388214,155392,88605,84079,38110,13088,8940,231859,174729,45804,7141,3279,592,144,170
12540,310M100US12540,"Bakersfield-Delano, CA Metro Area",248057,185559,59602,38120,40584,26682,11618,8953,62498,50098,10133,1488,563,182,28,6
12580,310M100US12580,"Baltimore-Towson, MD Metro Area",1018225,665999,277706,163165,134324,60168,19350,11286,352226,289365,52650,7114,2310,500,154,133
12620,310M100US12620,"Bangor, ME Metro Area",62282,39470,19747,9443,7053,2314,567,346,22812,17075,4472,797,403,49,16,0
12700,310M100US12700,"Barnstable Town, MA Metro Area",98164,61766,34427,12011,9702,3875,1285,466,36398,30425,5339,522,86,16,10,0
12940,310M100US12940,"Baton Rouge, LA Metro Area",288358,193430,81188,46972,38876,17616,5699,3079,94928,77600,13708,2728,691,185,8,8
12980,310M100US12980,"Battle Creek, MI Metro Area",53925,35859,16764,8435,6652,2614,1008,386,18066,15700,1956,230,153,0,27,0
13020,310M100US13020,"Bay City, MI Metro Area",44345,29799,14221,6615,6155,1913,648,247,14546,11982,2197,282,69,7,9,0
13140,310M100US13140,"Beaumont-Port Arthur, TX Metro Area",141653,97940,42794,23775,17970,8785,3234,1382,43713,37514,5263,542,179,186,29,0
13380,310M100US13380,"Bellingham, WA Metro Area",78186,47698,22989,9588,9131,3892,1212,886,30488,22606,5801,1218,682,181,0,0
13460,310M100US13460,"Bend, OR Metro Area",63190,43434,21669,8759,8505,3472,663,366,19756,14501,4550,584,98,23,0,0
13740,310M100US13740,"Billings, MT Metro Area",63895,40841,20289,8461,7271,3049,1091,680,23054,18202,4282,414,65,91,0,0
13780,310M100US13780,"Binghamton, NY Metro Area",101208,64130,29332,14609,12414,5278,1616,881,37078,30568,5677,576,157,49,43,8
13820,310M100US13820,"Birmingham-Hoover, AL Metro Area",432183,293683,130026,74058,56443,22597,6839,3720,138500,120372,15120,2158,573,186,81,10
13900,310M100US13900,"Bismarck, ND Metro Area",43725,28450,14111,6366,5221,2080,500,172,15275,12600,2265,297,104,9,0,0
13980,310M100US13980,"Blacksburg-Christiansburg-Radford, VA Metro Area",62034,36693,18692,8408,6751,2067,508,267,25341,17551,4710,1577,1359,125,0,19
14020,310M100US14020,"Bloomington, IN Metro Area",72896,41565,21628,9180,6623,2727,928,479,31331,23054,5763,1257,868,316,51,22
14060,310M100US14060,"Bloomington-Normal, IL Metro Area",63145,39223,17406,8927,8010,3377,1034,469,23922,17833,4366,958,621,135,9,0
14260,310M100US14260,"Boise City-Nampa, ID Metro Area",221144,153721,65805,31655,30775,15093,6558,3835,67423,52037,11616,2762,514,407,14,73
14460,310M100US14460,"Boston-Cambridge-Quincy, MA-NH Metro Area",1735175,1097113,442878,259309,248030,102352,30662,13882,638062,497598,109382,20875,7529,2017,526,135
14500,310M100US14500,"Boulder, CO Metro Area",117629,68953,30800,15414,15009,5152,1717,861,48676,34018,10626,2723,1011,246,42,10
14540,310M100US14540,"Bowling Green, KY Metro Area",46731,30385,13704,7897,5973,1931,566,314,16346,12890,2368,577,488,13,0,10
14740,310M100US14740,"Bremerton-Silverdale, WA Metro Area",95758,65215,30669,13865,12758,5186,1924,813,30543,24113,5312,717,241,148,0,12
14860,310M100US14860,"Bridgeport-Stamford-Norwalk, CT Metro Area",331782,230561,86248,53452,55269,25104,7587,2901,101221,85151,12752,2190,691,307,111,19
15180,310M100US15180,"Brownsville-Harlingen, TX Metro Area",113547,91493,27812,18757,20114,13639,6089,5082,22054,19119,2527,191,206,11,0,0
15260,310M100US15260,"Brunswick, GA Metro Area",42933,29107,14121,6510,5122,2015,1092,247,13826,11837,1561,284,109,22,13,0
15380,310M100US15380,"Buffalo-Niagara Falls, NY Metro Area",466232,287669,131998,64632,57945,23076,6630,3388,178563,150365,23537,3178,918,288,205,72
15500,310M100US15500,"Burlington, NC Metro Area",59000,39987,18338,10261,7067,2904,1002,415,19013,15719,2794,387,90,13,10,0
15540,310M100US15540,"Burlington-South Burlington, VT Metro Area",83140,51907,23349,12508,10685,3845,1151,369,31233,22772,6822,1046,449,83,29,32
15940,310M100US15940,"Canton-Massillon, OH Metro Area",162409,109045,51078,25021,19668,8946,2956,1376,53364,46084,6136,802,301,2,39,0
15980,310M100US15980,"Cape Coral-Fort Myers, FL Metro Area",245751,162925,92965,29291,23522,10994,4164,1989,82826,66107,14601,1194,534,233,137,20
16020,310M100US16020,"Cape Girardeau-Jackson, MO-IL Metro Area",37747,25245,11799,6292,4619,1764,541,230,12502,10348,1639,373,115,27,0,0
16180,310M100US16180,"Carson City, NV Metro Area",21467,13558,6410,2978,2594,1065,294,217,7909,6581,1167,149,12,0,0,0
16220,310M100US16220,"Casper, WY Metro Area",29597,19752,9232,4340,4041,1435,456,248,9845,8229,1510,72,12,22,0,0
16300,310M100US16300,"Cedar Rapids, IA Metro Area",103740,66972,31615,14143,13281,5546,1633,754,36768,29692,6056,758,186,52,24,0
16580,310M100US16580,"Champaign-Urbana, IL Metro Area",90044,51609,24094,11575,10329,3707,1262,642,38435,28863,6350,1775,1071,180,45,151
16620,310M100US16620,"Charleston, WV Metro Area",125740,83153,40795,19952,14756,5133,1735,782,42587,37141,4809,415,144,78,0,0
16700,310M100US16700,"Charleston-North Charleston-Summerville, SC Metro Area",245938,160847,71170,40084,31076,12562,4190,1765,85091,68543,12970,2276,988,192,8,114
16740,310M100US16740,"Charlotte-Gastonia-Rock Hill, NC-SC Metro Area",648431,435147,182668,105711,91259,37482,12415,5612,213284,174174,32110,4328,1951,533,81,107
16820,310M100US16820,"Charlottesville, VA Metro Area",77120,47466,22987,10879,8512,3587,861,640,29654,22759,4706,1177,721,221,0,70
16860,310M100US16860,"Chattanooga, TN-GA Metro Area",206602,139286,65951,31298,26978,9716,3533,1810,67316,57784,8098,782,530,122,0,0
16940,310M100US16940,"Cheyenne, WY Metro Area",35790,23771,11289,5744,4306,1604,562,266,12019,10157,1628,139,67,15,13,0
16980,310M100US16980,"Chicago-Joliet-Naperville, IL-IN-WI Metro Area",3424098,2285447,854640,520976,499878,256509,96149,57295,1138651,952195,156423,20815,6387,1927,568,336
17020,310M100US17020,"Chico, CA Metro Area",85465,52377,24718,11605,9289,4060,1585,1120,33088,24636,5941,1280,909,223,35,64
17140,310M100US17140,"Cincinnati-Middletown, OH-KY-IN Metro Area",813576,541682,232007,127582,108563,48913,16166,8451,271894,228088,36169,4534,2164,628,233,78
17300,310M100US17300,"Clarksville, TN-KY Metro Area",97792,70712,28729,18643,14354,6329,1824,833,27080,22484,3776,489,272,32,27,0
17420,310M100US17420,"Cleveland, TN Metro Area",43787,30705,14188,7159,5952,2367,581,458,13082,10887,1634,430,131,0,0,0
17460,310M100US17460,"Cleveland-Elyria-Mentor, OH Metro Area",846121,535574,240446,123885,103134,45652,14344,8113,310547,270316,35447,3361,1030,261,106,26
17660,310M100US17660,"Coeur d'Alene, ID Metro Area",54560,37898,18630,7800,6893,3132,798,645,16662,13009,2951,491,155,56,0,0
17780,310M100US17780,"College Station-Bryan, TX Metro Area",79087,46743,19453,11282,9453,3712,2056,787,32344,20874,6662,3017,1633,158,0,0
17820,310M100US17820,"Colorado Springs, CO Metro Area",236155,160190,70358,36443,31526,13655,5497,2711,75965,62592,11106,1450,623,185,0,9
17860,310M100US17860,"Columbia, MO Metro Area",67276,38872,17905,9213,7601,2894,811,448,28404,19335,5935,1840,1164,83,47,0
17900,310M100US17900,"Columbia, SC Metro Area",287784,187576,83048,46570,37787,13890,4409,1872,100208,82928,13391,2565,1045,154,95,30
17980,310M100US17980,"Columbus, GA-AL Metro Area",109062,72307,31115,19104,13669,6059,1470,890,36755,32161,3894,431,209,47,0,13
18020,310M100US18020,"Columbus, IN Metro Area",29856,20814,9364,4804,4015,1728,680,223,9042,7172,1557,158,78,71,0,6
18140,310M100US18140,"Columbus, OH Metro Area",700135,449672,189930,106473,94150,38852,13022,7245,250463,198748,43109,5415,1709,904,354,224
18580,310M100US18580,"Corpus Christi, TX Metro Area",153704,106714,42340,26556,20973,9971,4439,2435,46990,38977,6989,783,199,35,0,7
18700,310M100US18700,"Corvallis, OR Metro Area",33471,19022,9752,3915,3598,1180,376,201,14449,9519,3793,613,346,116,51,11
18880,310M100US18880,"Crestview-Fort Walton Beach-Destin, FL Metro Area",72442,48826,23681,11204,8559,3469,1248,665,23616,18859,3930,725,73,29,0,0
19060,310M100US19060,"Cumberland, MD-WV Metro Area",40085,25444,12910,5909,4394,1591,431,209,14641,12593,1648,208,143,29,20,0
19100,310M100US19100,"Dallas-Fort Worth-Arlington, TX Metro Area",2207246,1531456,571860,357646,337389,164269,62516,37776,675790,558489,99045,12043,4725,1010,257,221
19140,310M100US19140,"Dalton, GA Metro Area",48540,35330,13148,8155,7679,3996,1430,922,13210,10516,2147,351,127,69,0,0
19180,310M100US19180,"Danville, IL Metro Area",32236,20659,10278,4344,3769,1461,481,326,11577,9841,1499,136,67,0,34,0
19260,310M100US19260,"Danville, VA Metro Area",46011,30430,15129,7592,4876,2001,531,301,15581,14079,1327,75,82,11,0,7
19340,310M100US19340,"Davenport-Moline-Rock Island, IA-IL Metro Area",154067,99444,49018,21316,17411,8126,2229,1344,54623,46086,7190,1040,232,49,26,0
19380,310M100US19380,"Dayton, OH Metro Area",343101,220656,106610,48865,40337,16675,5660,2509,122445,103704,15249,2316,714,340,49,73
19460,310M100US19460,"Decatur, AL Metro Area",59787,42975,20046,10469,8065,3078,813,504,16812,14768,1780,197,42,25,0,0
19500,310M100US19500,"Decatur, IL Metro Area",44947,28514,14499,5709,5089,2113,813,291,16433,14452,1608,282,65,0,26,0
19660,310M100US19660,"Deltona-Daytona Beach-Ormond Beach, FL Metro Area",200346,126653,67885,26033,20362,8588,2353,1432,73693,61217,11177,773,353,173,0,0
19740,310M100US19740,"Denver-Aurora-Broomfield, CO Metro Area",978799,620203,263474,142900,127385,56159,19288,10997,358596,288520,60651,6600,2123,579,103,20
19780,310M100US19780,"Des Moines-West Des Moines, IA Metro Area",219755,145304,64020,32939,29891,12703,3871,1880,74451,60572,12435,833,454,88,29,40
19820,310M100US19820,"Detroit-Warren-Livonia, MI Metro Area",1667113,1102281,463821,251416,227377,102417,36014,21236,564832,491164,64153,6306,1999,792,305,113
20020,310M100US20020,"Dothan, AL Metro Area",55411,38300,18547,9181,6644,2772,811,345,17111,15272,1512,194,104,12,17,0
20100,310M100US20100,"Dover, DE Metro Area",57396,40711,18043,9725,7821,3121,1196,805,16685,14011,2192,292,78,60,9,43
20220,310M100US20220,"Dubuque, IA Metro Area",36787,24605,11950,5014,4586,2040,715,300,12182,9984,1806,316,4,72,0,0
20260,310M100US20260,"Duluth, MN-WI Metro Area",119423,73214,37724,15532,12454,5110,1440,954,46209,37199,6973,988,546,371,132,0
20500,310M100US20500,"Durham-Chapel Hill, NC Metro Area",195551,120672,55672,29896,22441,8138,2956,1569,74879,58443,13245,1846,935,242,135,33
20740,310M100US20740,"Eau Claire, WI Metro Area",63463,40225,19797,8152,7459,3335,861,621,23238,17423,4225,1022,403,131,23,11
20940,310M100US20940,"El Centro, CA Metro Area",47304,38146,11229,9046,7916,5877,2752,1326,9158,8053,926,53,74,0,52,0
21060,310M100US21060,"Elizabethtown, KY Metro Area",42431,30733,13494,7817,5839,2495,741,347,11698,10021,1340,257,38,0,42,0
21140,310M100US21140,"Elkhart-Goshen, IN Metro Area",70035,50376,20909,10730,9562,5350,2272,1553,19659,16256,2778,322,159,106,38,0
21300,310M100US21300,"Elmira, NY Metro Area",35418,22962,10893,5099,4386,1531,734,319,12456,10572,1635,139,51,32,27,0
21340,310M100US21340,"El Paso, TX Metro Area",242943,186687,57277,44816,43085,25226,9858,6425,56256,49027,6278,458,354,110,0,29
21500,310M100US21500,"Erie, PA Metro Area",108252,69875,31792,16346,12988,5476,2004,1269,38377,32293,4927,712,293,74,78,0
21660,310M100US21660,"Eugene-Springfield, OR Metro Area",143894,86947,43077,20085,14904,5872,2037,972,56947,40637,13351,2031,728,165,21,14
21780,310M100US21780,"Evansville, IN-KY Metro Area",142593,94479,45165,21252,17267,7328,2371,1096,48114,41243,5483,878,365,55,90,0
21820,310M100US21820,"Fairbanks, AK Metro Area",34596,23642,9912,5299,4820,2252,916,443,10954,8483,2041,262,152,0,16,0
22020,310M100US22020,"Fargo, ND-MN Metro Area",84600,48919,22734,10837,9785,3999,1175,389,35681,27138,6684,1380,364,84,31,0
22140,310M100US22140,"Farmington, NM Metro Area",41767,30952,11954,6101,6604,3693,1547,1053,10815,9286,1232,140,72,65,20,0
22180,310M100US22180,"Fayetteville, NC Metro Area",131543,90936,37674,23590,17815,7746,3062,1049,40607,33384,5816,1000,292,115,0,0
22220,310M100US22220,"Fayetteville-Springdale-Rogers, AR-MO Metro Area",168289,116099,50635,25537,22497,10978,3794,2658,52190,41951,8483,1145,558,53,0,0
22380,310M100US22380,"Flagstaff, AZ Metro Area",45478,29748,13230,6514,5107,2504,1223,1170,15730,11194,3211,855,334,136,0,0
22420,310M100US22420,"Flint, MI Metro Area",168984,110911,49758,25830,20683,9396,3507,1737,58073,50151,6700,809,263,68,40,42
22500,310M100US22500,"Florence, SC Metro Area",77441,53420,24006,13697,9973,3848,1151,745,24021,21125,2383,395,86,32,0,0
22520,310M100US22520,"Florence-Muscle Shoals, AL Metro Area",59878,40722,20905,9178,7280,2435,656,268,19156,17066,1812,213,27,38,0,0
22540,310M100US22540,"Fond du Lac, WI Metro Area",40484,27406,13341,5317,5345,2314,662,427,13078,11107,1647,242,38,9,35,0
22660,310M100US22660,"Fort Collins-Loveland, CO Metro Area",117415,74324,36282,16218,13782,5357,1902,783,43091,30621,9430,2473,434,112,21,0
22900,310M100US22900,"Fort Smith, AR-OK Metro Area",112174,79007,36004,17993,14501,6528,2449,1532,33167,28670,3900,487,51,42,17,0
23060,310M100US23060,"Fort Wayne, IN Metro Area",159781,106737,47622,22546,20288,10310,4128,1843,53044,44245,7520,830,286,126,19,18
23420,310M100US23420,"Fresno, CA Metro Area",283836,205821,64991,43481,45019,27081,13988,11261,78015,61487,12648,2407,1047,110,131,185
23460,310M100US23460,"Gadsden, AL Metro Area",41584,28868,13651,7123,5160,1867,710,357,12716,11654,875,114,58,15,0,0
23540,310M100US23540,"Gainesville, FL Metro Area",103516,56466,28472,12996,9531,3400,1307,760,47050,33562,9176,2580,1611,87,0,34
23580,310M100US23580,"Gainesville, GA Metro Area",60173,45172,18260,9761,8698,4817,2286,1350,15001,12075,2228,341,157,118,82,0
24020,310M100US24020,"Glens Falls, NY Metro Area",53136,35107,16743,7871,6623,2608,928,334,18029,14815,2803,312,79,20,0,0
24140,310M100US24140,"Goldsboro, NC Metro Area",46280,32101,13881,8382,6191,2307,763,577,14179,12174,1510,372,111,12,0,0
24220,310M100US24220,"Grand Forks, ND-MN Metro Area",39023,22957,11310,4540,4126,1935,795,251,16066,12219,2836,614,277,58,52,10
24300,310M100US24300,"Grand Junction, CO Metro Area",57123,37953,18303,7775,6982,3252,1004,637,19170,15168,3059,779,71,57,36,0
24340,310M100US24340,"Grand Rapids-Wyoming, MI Metro Area",291617,199474,84397,43363,40445,19736,7468,4065,92143,74542,14201,2209,830,232,95,34
24500,310M100US24500,"Great Falls, MT Metro Area",33164,21965,11281,4929,3591,1549,415,200,11199,9514,1473,159,53,0,0,0
24540,310M100US24540,"Greeley, CO Metro Area",86776,62004,24814,13562,12878,6643,2545,1562,24772,19086,4324,780,324,253,5,0
24580,310M100US24580,"Green Bay, WI Metro Area",121653,80745,37206,17495,16101,6504,2463,976,40908,32862,6931,723,282,72,38,0
24660,310M100US24660,"Greensboro-High Point, NC Metro Area",282317,184695,84554,45693,33665,13680,4806,2297,97622,82371,12353,2127,564,153,54,0
24780,310M100US24780,"Greenville, NC Metro Area",71026,42486,18896,11072,8337,2833,905,443,28540,21732,5013,1206,553,36,0,0
24860,310M100US24860,"Greenville-Mauldin-Easley, SC Metro Area",240864,159700,73733,37173,31174,12118,3666,1836,81164,68864,9435,1836,833,101,61,34
25060,310M100US25060,"Gulfport-Biloxi, MS Metro Area",88803,61611,26526,15531,11396,5128,1884,1146,27192,22166,4104,537,178,170,37,0
25180,310M100US25180,"Hagerstown-Martinsburg, MD-WV Metro Area",101217,68374,31339,15716,13181,5321,2033,784,32843,27530,4402,660,188,63,0,0
25260,310M100US25260,"Hanford-Corcoran, CA Metro Area",40606,31777,9531,6337,7798,4279,2387,1445,8829,7278,1043,262,102,99,45,0
25420,310M100US25420,"Harrisburg-Carlisle, PA Metro Area",219490,140552,66697,31804,27049,9966,3517,1519,78938,65535,11080,1535,585,155,40,8
25500,310M100US25500,"Harrisonburg, VA Metro Area",44666,29103,13217,6240,5951,2388,921,386,15563,11015,2344,666,1316,116,66,40
25540,310M100US25540,"Hartford-West Hartford-East Hartford, CT Metro Area",469052,310244,133205,72359,67789,25845,7591,3455,158808,130317,24380,2882,927,186,85,31
25620,310M100US25620,"Hattiesburg, MS Metro Area",53213,34553,14956,8684,6368,2955,1141,449,18660,15026,2911,411,294,18,0,0
25860,310M100US25860,"Hickory-Lenoir-Morganton, NC Metro Area",138854,94850,45414,22318,16714,7155,2103,1146,44004,37919,5003,651,370,7,54,0
25980,310M100US25980,"Hinesville-Fort Stewart, GA Metro Area",27179,19855,7437,5690,3678,2029,673,348,7324,6251,870,116,87,0,0,0
26100,310M100US26100,"Holland-Grand Haven, MI Metro Area",92526,68045,28385,13078,14920,7998,2246,1418,24481,19421,3642,602,710,45,61,0
26180,310M100US26180,"Honolulu, HI Metro Area",304827,215363,78148,49930,42073,21753,10882,12577,89464,70960,14392,2700,1064,255,11,82
26300,310M100US26300,"Hot Springs, AR Metro Area",40146,25731,14728,4771,3772,1542,524,394,14415,12705,1441,178,91,0,0,0
26380,310M100US26380,"Houma-Bayou Cane-Thibodaux, LA Metro Area",72186,52673,20719,12763,10859,5434,1826,1072,19513,15428,3602,313,108,27,11,24
26420,310M100US26420,"Houston-Sugar Land-Baytown, TX Metro Area",1966846,1399621,500846,328620,307386,160786,62247,39736,567225,469041,81794,10464,3975,1343,351,257
26580,310M100US26580,"Huntington-Ashland, WV-KY-OH Metro Area",115862,76428,37530,18501,12987,4952,1752,706,39434,34174,4581,407,229,31,12,0
26620,310M100US26620,"Huntsville, AL Metro Area",156592,105658,49534,25345,19970,7898,1915,996,50934,44323,5523,682,329,77,0,0
26820,310M100US26820,"Idaho Falls, ID Metro Area",43139,32767,13627,6462,5636,4005,1729,1308,10372,8657,1329,200,153,19,0,14
26900,310M100US26900,"Indianapolis-Carmel, IN Metro Area",661968,439357,188102,99838,90582,40421,13401,7013,222611,184275,32956,3641,1292,305,65,77
26980,310M100US26980,"Iowa City, IA Metro Area",59752,33291,15694,7600,6321,2643,664,369,26461,18249,5622,1653,581,280,76,0
27060,310M100US27060,"Ithaca, NY Metro Area",38446,19798,9838,4318,3516,1376,507,243,18648,12533,3988,1231,511,95,192,98
27100,310M100US27100,"Jackson, MI Metro Area",60612,41508,19168,8871,7631,3825,1163,850,19104,16061,2603,272,124,13,31,0
27140,310M100US27140,"Jackson, MS Metro Area",195301,133588,55388,32016,27962,11595,4032,2595,61713,53437,6859,999,334,84,0,0
27180,310M100US27180,"Jackson, TN Metro Area",43007,29247,13250,7483,5416,2128,695,275,13760,12409,1068,246,37,0,0,0
27260,310M100US27260,"Jacksonville, FL Metro Area",503657,334850,147601,82335,63425,26942,10030,4517,168807,137068,26952,3449,1043,203,78,14
27340,310M100US27340,"Jacksonville, NC Metro Area",56633,41731,17411,10918,8158,3766,1029,449,14902,12115,2412,218,157,0,0,0
27500,310M100US27500,"Janesville, WI Metro Area",62598,42852,19577,9485,8301,3812,1275,402,19746,16479,2802,249,114,75,27,0
27620,310M100US27620,"Jefferson City, MO Metro Area",56530,38551,17654,9007,7734,3079,695,382,17979,15115,2501,210,143,0,10,0
27740,310M100US27740,"Johnson City, TN Metro Area",80644,52505,26771,12183,9189,3072,976,314,28139,23318,4253,387,166,15,0,0
27780,310M100US27780,"Johnstown, PA Metro Area",58802,38530,19833,8537,6466,2506,929,259,20272,17953,2023,199,70,27,0,0
27860,310M100US27860,"Jonesboro, AR Metro Area",45409,30995,14188,7422,6030,2239,796,320,14414,11777,2142,303,122,70,0,0
27900,310M100US27900,"Joplin, MO Metro Area",66123,45283,20675,9838,8090,4216,1542,922,20840,16966,3062,593,154,65,0,0
28020,310M100US28020,"Kalamazoo-Portage, MI Metro Area",128552,80425,36176,18279,15156,7269,2156,1389,48127,37429,8289,1380,798,167,64,0
28100,310M100US28100,"Kankakee-Bradley, IL Metro Area",40943,28243,11947,6495,5535,2518,1072,676,12700,10493,1804,186,110,85,22,0
28140,310M100US28140,"Kansas City, MO-KS Metro Area",789432,523744,230639,116684,104351,47751,15727,8592,265688,222289,36412,4836,1537,506,100,8
28420,310M100US28420,"Kennewick-Pasco-Richland, WA Metro Area",83460,60076,23875,12965,12220,6323,2842,1851,23384,19475,3105,536,191,77,0,0
28660,310M100US28660,"Killeen-Temple-Fort Hood, TX Metro Area",129226,94204,37376,24236,18608,9204,3099,1681,35022,29503,4421,841,204,53,0,0
28700,310M100US28700,"Kingsport-Bristol-Bristol, TN-VA Metro Area",130522,89608,46189,20977,15296,4778,1631,737,40914,35945,4044,669,171,71,3,11
28740,310M100US28740,"Kingston, NY Metro Area",70691,45201,20326,10968,8583,3282,1490,552,25490,20267,4201,548,215,165,54,40
28940,310M100US28940,"Knoxville, TN Metro Area",283776,182293,90180,43605,31829,11739,3172,1768,101483,86664,12004,1687,863,150,33,82
29020,310M100US29020,"Kokomo, IN Metro Area",40981,28087,13722,5852,5002,2220,844,447,12894,11097,1530,150,88,29,0,0
29100,310M100US29100,"La Crosse, WI-MN Metro Area",53271,32865,15967,6790,6315,2419,989,385,20406,15727,3399,617,540,123,0,0
29140,310M100US29140,"Lafayette, IN Metro Area",75684,45163,21375,10006,8297,3450,1306,729,30521,21403,6160,2109,706,104,29,10
29180,310M100US29180,"Lafayette, LA Metro Area",102741,66976,27849,16915,13794,5875,1523,1020,35765,29200,5258,986,261,23,33,4
29340,310M100US29340,"Lake Charles, LA Metro Area",74264,51483,22255,12235,10158,4463,1495,877,22781,19223,2846,453,219,37,3,0
29420,310M100US29420,"Lake Havasu City-Kingman, AZ Metro Area",80361,53407,30340,10170,6750,3314,1367,1466,26954,21399,4807,483,190,64,0,11
29460,310M100US29460,"Lakeland-Winter Haven, FL Metro Area",223689,157222,76044,31708,27768,13099,5208,3395,66467,53924,10360,1050,621,329,101,82
29540,310M100US29540,"Lancaster, PA Metro Area",191474,135716,62191,27526,25686,12185,4188,3940,55758,45453,8547,1326,235,170,18,9
29620,310M100US29620,"Lansing-East Lansing, MI Metro Area",180402,112894,51316,26111,21756,9377,2900,1434,67508,52868,11161,1971,1086,340,73,9
29700,310M100US29700,"Laredo, TX Metro Area",64714,53860,11928,11523,12413,9986,4529,3481,10854,9096,1223,376,51,17,63,28
29740,310M100US29740,"Las Cruces, NM Metro Area",71748,50020,21176,10596,10229,4925,2186,908,21728,16909,3868,745,146,60,0,0
29820,310M100US29820,"Las Vegas-Paradise, NV Metro Area",695701,457592,181640,106200,87225,49362,20325,12840,238109,179593,47758,7341,2347,814,154,102
29940,310M100US29940,"Lawrence, KS Metro Area",42943,23335,11159,4989,4567,1947,489,184,19608,12426,5047,1442,405,162,59,67
30020,310M100US30020,"Lawton, OK Metro Area",43757,30269,12566,7603,6145,2399,1045,511,13488,11219,1784,291,67,118,0,9
30140,310M100US30140,"Lebanon, PA Metro Area",51543,35797,17643,7140,6515,2982,898,619,15746,13002,2327,235,134,46,2,0
30300,310M100US30300,"Lewiston, ID-WA Metro Area",25140,16053,8491,3317,2454,1202,436,153,9087,7553,1347,40,147,0,0,0
30340,310M100US30340,"Lewiston-Auburn, ME Metro Area",44040,28250,13560,6617,5309,1903,486,375,15790,12237,3094,239,174,26,20,0
30460,310M100US30460,"Lexington-Fayette, KY Metro Area",188309,118564,53261,29744,22644,8969,2611,1335,69745,54769,11296,2456,967,148,101,8
30620,310M100US30620,"Lima, OH Metro Area",40719,27769,13196,5840,5340,2326,727,340,12950,11321,1369,192,54,6,8,0
30700,310M100US30700,"Lincoln, NE Metro Area",118327,73828,33550,17043,13878,6430,1872,1055,44499,34091,7822,1602,845,85,28,26
30780,310M100US30780,"Little Rock-North Little Rock-Conway, AR Metro Area",270040,180045,84461,43413,33150,13246,3926,1849,89995,76150,11328,1762,508,169,34,44
30860,310M100US30860,"Logan, UT-ID Metro Area",37900,28853,10510,5592,5214,3979,2152,1406,9047,6268,1592,414,493,179,60,41
30980,310M100US30980,"Longview, TX Metro Area",77643,54663,25231,12651,9154,4977,1635,1015,22980,19900,2487,418,158,0,17,0
31020,310M100US31020,"Longview, WA Metro Area",39441,26969,13070,5841,4601,2167,801,489,12472,9997,1941,412,122,0,0,0
31100,310M100US31100,"Los Angeles-Long Beach-Santa Ana, CA Metro Area",4202392,2869560,931459,650745,644958,352059,156936,133403,1332832,1040711,231528,38884,14584,4637,1219,1269
31140,310M100US31140,"Louisville/Jefferson County, KY-IN Metro Area",501115,330402,148804,78962,64973,25956,7935,3772,170713,145091,21460,2792,993,284,62,31
31180,310M100US31180,"Lubbock, TX Metro Area",104314,66460,28269,15314,12734,6037,2321,1785,37854,28453,6529,2121,705,46,0,0
31340,310M100US31340,"Lynchburg, VA Metro Area",98494,66258,32491,15970,11603,4211,1307,676,32236,26831,4104,858,261,160,22,0
31420,310M100US31420,"Macon, GA Metro Area",84407,56071,25648,13456,9682,4454,1824,1007,28336,24192,3278,683,131,32,0,20
31460,310M100US31460,"Madera-Chowchilla, CA Metro Area",42089,32768,11354,6506,6820,3867,2246,1975,9321,7915,1095,124,136,51,0,0
31540,310M100US31540,"Madison, WI Metro Area",229033,136215,63440,29965,27481,10938,2982,1409,92818,70023,17312,3199,1337,592,212,143
31700,310M100US31700,"Manchester-Nashua, NH Metro Area",153120,104907,43886,24261,23566,9079,2648,1467,48213,36785,9479,1396,394,114,23,22
31740,310M100US31740,"Manhattan, KS Metro Area",43981,27134,12115,6422,5008,2558,714,317,16847,11949,3081,1042,504,204,52,15
31860,310M100US31860,"Mankato-North Mankato, MN Metro Area",36039,21920,10594,4483,4104,1795,591,353,14119,9431,3057,772,494,298,56,11
31900,310M100US31900,"Mansfield, OH Metro Area",48557,32844,16168,6991,5659,2522,984,520,15713,13791,1670,88,123,41,0,0
32580,310M100US32580,"McAllen-Edinburg-Mission, TX Metro Area",205971,170503,45616,34683,36933,28294,13739,11238,35468,30380,4369,429,163,70,16,41
32780,310M100US32780,"Medford, OR Metro Area",83333,53903,27649,12056,8481,3702,1234,781,29430,23556,4839,758,122,125,30,0
32820,310M100US32820,"Memphis, TN-MS-AR Metro Area",476388,324570,131246,81016,63909,30159,10867,7373,151818,130098,18290,2007,796,409,119,99
32900,310M100US32900,"Merced, CA Metro Area",73586,57613,17071,12446,12833,8385,3989,2889,15973,12851,2438,339,213,59,73,0
33100,310M100US33100,"Miami-Fort Lauderdale-Pompano Beach, FL Metro Area",2019604,1317377,543403,320375,268530,116907,42687,25475,702227,573713,108648,12815,5017,1233,471,330
33140,310M100US33140,"Michigan City-La Porte, IN Metro Area",42090,28581,13766,6071,4952,2738,576,478,13509,11675,1596,185,0,40,0,13
33260,310M100US33260,"Midland, TX Metro Area",49122,35366,14688,8237,7056,3291,1339,755,13756,11886,1676,111,48,35,0,0
33340,310M100US33340,"Milwaukee-Waukesha-West Allis, WI Metro Area",615847,389825,169387,88055,79002,34221,12113,7047,226022,184961,34792,4717,1202,178,151,21
33460,310M100US33460,"Minneapolis-St. Paul-Bloomington, MN-WI Metro Area",1264311,818942,344487,179449,178024,74755,25844,16383,445369,353495,76355,10341,3949,909,258,62
33540,310M100US33540,"Missoula, MT Metro Area",44172,25485,12542,5990,4525,1620,684,124,18687,13184,4497,689,287,30,0,0
33660,310M100US33660,"Mobile, AL Metro Area",153302,104324,44430,26335,19651,8985,3286,1637,48978,42616,4995,914,379,43,0,31
33700,310M100US33700,"Modesto, CA Metro Area",163841,122255,40859,25770,27841,15243,7692,4850,41586,32927,6940,1012,508,132,45,22
33740,310M100US33740,"Monroe, LA Metro Area",64501,43817,18854,11413,8864,3010,1052,624,20684,18754,1671,226,33,0,0,0
33780,310M100US33780,"Monroe, MI Metro Area",58298,42178,18379,9417,9003,3984,886,509,16120,13552,2320,156,92,0,0,0
33860,310M100US33860,"Montgomery, AL Metro Area",140457,95640,40350,24800,18709,7622,2680,1479,44817,39426,4434,571,323,63,0,0
34060,310M100US34060,"Morgantown, WV Metro Area",47923,27788,13549,6756,5212,1708,440,123,20135,15513,3637,729,230,26,0,0
34100,310M100US34100,"Morristown, TN Metro Area",52671,36306,16631,8934,6932,2275,956,578,16365,14090,1929,186,155,0,5,0
34580,310M100US34580,"Mount Vernon-Anacortes, WA Metro Area",45253,30896,15131,6258,5249,2638,847,773,14357,11641,2255,289,111,28,0,33
34620,310M100US34620,"Muncie, IN Metro Area",46212,28341,14433,6211,4852,1782,804,259,17871,13486,2839,791,571,169,15,0
34740,310M100US34740,"Muskegon-Norton Shores, MI Metro Area",65778,45366,20910,9876,8135,4240,1338,867,20412,17401,2556,333,60,43,8,11
34820,310M100US34820,"Myrtle Beach-North Myrtle Beach-Conway, SC Metro Area",112057,73100,37600,16425,11592,4967,1717,799,38957,29069,7610,1553,685,20,20,0
34900,310M100US34900,"Napa, CA Metro Area",49179,32917,13780,6804,6780,2884,1519,1150,16262,12890,2845,321,157,49,0,0
34940,310M100US34940,"Naples-Marco Island, FL Metro Area",119517,81135,48837,12878,10731,5617,1763,1309,38382,32485,4854,589,384,70,0,0
34980,310M100US34980,"Nashville-Davidson--Murfreesboro--Franklin, TN Metro Area",597128,396220,172345,95491,77537,33811,10733,6303,200908,163015,30345,5537,1502,400,40,69
35300,310M100US35300,"New Haven-Milford, CT Metro Area",330785,217115,89813,52339,46382,19286,5769,3526,113670,93926,16739,2099,587,177,76,66
35380,310M100US35380,"New Orleans-Metairie-Kenner, LA Metro Area",416300,272306,113448,69345,52217,24653,7638,5005,143994,119959,19697,3022,907,353,56,0
35620,310M100US35620,"New York-Northern New Jersey-Long Island, NY-NJ-PA Metro Area",6809482,4522909,1663572,1093858,998754,475450,171003,120272,2286573,1902864,311619,47738,15407,5921,1953,1071
35660,310M100US35660,"Niles-Benton Harbor, MI Metro Area",62612,41557,20449,8402,7365,3259,1385,697,21055,18316,2397,258,68,16,0,0
35840,310M100US35840,"North Port-Bradenton-Sarasota, FL Metro Area",300209,188229,113226,33070,25456,10535,3888,2054,111980,93635,15563,2087,482,174,0,39
35980,310M100US35980,"Norwich-New London, CT Metro Area",106590,70842,31558,16366,14948,5201,1924,845,35748,28725,6081,575,197,129,16,25
36100,310M100US36100,"Ocala, FL Metro Area",133966,91513,51832,17220,13858,5123,2105,1375,42453,35467,6179,559,156,40,52,0
36140,310M100US36140,"Ocean City, NJ Metro Area",45420,29903,15146,6277,5504,1979,629,368,15517,13220,1776,368,136,17,0,0
36220,310M100US36220,"Odessa, TX Metro Area",47653,33389,12368,7690,7061,3895,1546,829,14264,11939,1721,291,243,21,49,0
36260,310M100US36260,"Ogden-Clearfield, UT Metro Area",170977,132834,46321,27281,26355,17692,9752,5433,38143,31394,4905,1151,462,175,56,0
36420,310M100US36420,"Oklahoma City, OK Metro Area",471209,309578,138503,71341,58947,26723,9138,4926,161631,133677,22711,3489,1363,296,95,0
36500,310M100US36500,"Olympia, WA Metro Area",98491,65272,30548,15082,12339,5059,1549,695,33219,25687,6052,1204,203,43,25,5
36540,310M100US36540,"Omaha-Council Bluffs, NE-IA Metro Area",327950,217206,93192,48541,43383,20833,7479,3778,110744,90495,17031,2188,589,186,162,93
36740,310M100US36740,"Orlando-Kissimmee-Sanford, FL Metro Area",768754,521311,223480,124291,105191,45577,14764,8008,247443,189374,46616,7528,3050,595,257,23
36780,310M100US36780,"Oshkosh-Neenah, WI Metro Area",66694,40637,19317,8923,7709,3413,806,469,26057,20123,4465,878,433,116,18,24
36980,310M100US36980,"Owensboro, KY Metro Area",44614,30253,14122,7423,5558,2108,623,419,14361,12783,1388,111,37,42,0,0
37100,310M100US37100,"Oxnard-Thousand Oaks-Ventura, CA Metro Area",264305,195579,68780,42694,43215,22977,10089,7824,68726,53837,11400,2230,824,263,44,128
37340,310M100US37340,"Palm Bay-Melbourne-Titusville, FL Metro Area",220871,145109,76332,31266,23160,9465,3352,1534,75762,62906,11193,1293,278,43,49,0
37380,310M100US37380,"Palm Coast, FL Metro Area",36182,26102,14876,5054,3866,1471,685,150,10080,8445,1417,155,15,24,24,0
37460,310M100US37460,"Panama City-Lynn Haven-Panama City Beach, FL Metro Area",68807,44480,21492,10842,7517,3163,1026,440,24327,19398,3984,584,267,94,0,0
37620,310M100US37620,"Parkersburg-Marietta-Vienna, WV-OH Metro Area",66550,44328,21958,9787,8557,2918,786,322,22222,19163,2641,289,106,23,0,0
37700,310M100US37700,"Pascagoula, MS Metro Area",56995,41358,16957,10553,8090,3867,1372,519,15637,13172,1908,339,170,48,0,0
37860,310M100US37860,"Pensacola-Ferry Pass-Brent, FL Metro Area",168173,114485,53695,26691,20667,9063,3150,1219,53688,43727,8118,1219,594,8,0,22
37900,310M100US37900,"Peoria, IL Metro Area",150501,99476,47805,21544,17891,7795,3086,1355,51025,43886,5838,927,274,70,17,13
37980,310M100US37980,"Philadelphia-Camden-Wilmington, PA-NJ-DE-MD Metro Area",2216763,1449284,589168,346417,306499,137529,45352,24319,767479,643936,103244,13123,5042,1319,498,317
38060,310M100US38060,"Phoenix-Mesa-Glendale, AZ Metro Area",1500828,1000063,422278,207968,194039,100855,43647,31276,500765,392022,89818,12456,4716,1316,328,109
38220,310M100US38220,"Pine Bluff, AR Metro Area",35414,23868,10864,6076,3993,1936,688,311,11546,10379,914,242,0,11,0,0
38300,310M100US38300,"Pittsburgh, PA Metro Area",985385,619201,302052,141153,115070,42794,12567,5565,366184,313719,44682,4925,2116,513,198,31
38340,310M100US38340,"Pittsfield, MA Metro Area",55623,33202,16779,7566,6212,1959,405,281,22421,19304,2723,261,50,51,0,32
38540,310M100US38540,"Pocatello, ID Metro Area",32458,22356,9868,5012,4195,1888,766,627,10102,8106,1552,284,143,11,6,0
38860,310M100US38860,"Portland-South Portland-Biddeford, ME Metro Area",211636,135937,64261,31256,27797,8894,2526,1203,75699,58445,14674,1970,423,178,9,0
38900,310M100US38900,"Portland-Vancouver-Hillsboro, OR-WA Metro Area",850849,540749,235833,121235,109034,46586,16945,11116,310100,237584,60304,8510,2445,969,155,133
38940,310M100US38940,"Port St. Lucie, FL Metro Area",162306,108932,57582,21812,17477,7237,3125,1699,53374,44413,7524,848,453,92,44,0
39100,310M100US39100,"Poughkeepsie-Newburgh-Middletown, NY Metro Area",231331,164000,62457,38172,35641,17552,5721,4457,67331,54990,10523,1149,494,116,34,25
39140,310M100US39140,"Prescott, AZ Metro Area",89109,56321,33296,9622,7234,3891,1275,1003,32788,26790,4997,622,237,79,63,0
39300,310M100US39300,"Providence-New Bedford-Fall River, RI-MA Metro Area",621094,400698,166663,98937,84841,34429,11039,4789,220396,181228,32803,4158,1523,488,158,38
39340,310M100US39340,"Provo-Orem, UT Metro Area",138665,112285,34509,20442,20790,16714,11470,8360,26380,17664,2806,2185,2143,600,944,38
39380,310M100US39380,"Pueblo, CO Metro Area",61418,40247,19169,8733,7681,3104,1037,523,21171,18074,2586,268,212,0,31,0
39460,310M100US39460,"Punta Gorda, FL Metro Area",71991,48044,32337,7229,5146,2293,802,237,23947,20117,3428,333,69,0,0,0
39540,310M100US39540,"Racine, WI Metro Area",75546,50561,23281,10710,9904,4418,1653,595,24985,21088,3298,480,72,47,0,0
39580,310M100US39580,"Raleigh-Cary, NC Metro Area",407344,273490,111634,65342,61491,23307,8037,3679,133854,108445,20869,3346,953,46,41,154
39660,310M100US39660,"Rapid City, SD Metro Area",49653,32950,16139,6713,6145,2782,688,483,16703,13292,2709,379,227,58,11,27
39740,310M100US39740,"Reading, PA Metro Area",153307,106995,47029,24181,21187,9292,3465,1841,46312,37484,7519,716,425,153,15,0
39820,310M100US39820,"Redding, CA Metro Area",69100,45805,21783,9245,8826,3902,1273,776,23295,19296,3213,563,108,69,0,46
39900,310M100US39900,"Reno-Sparks, NV Metro Area",162623,103011,44619,22944,20816,9535,3115,1982,59612,45716,11101,1823,593,298,63,18
40060,310M100US40060,"Richmond, VA Metro Area",471958,314799,137529,77745,63591,24129,7522,4283,157159,129501,23006,2794,1177,537,144,0
40140,310M100US40140,"Riverside-San Bernardino-Ontario, CA Metro Area",1263031,949542,301976,196254,208105,130702,64233,48272,313489,247591,52850,7683,3039,1532,498,296
40220,310M100US40220,"Roanoke, VA Metro Area",128818,83199,41767,19580,14088,5161,1761,842,45619,39189,5305,750,375,0,0,0
40340,310M100US40340,"Rochester, MN Metro Area",72166,48829,21870,10079,9858,4799,1492,731,23337,19279,3405,377,205,68,3,0
40380,310M100US40380,"Rochester, NY Metro Area",410637,263731,117218,59790,53762,22641,6784,3536,146906,118832,23898,2608,1017,415,114,22
40420,310M100US40420,"Rockford, IL Metro Area",130374,88824,38522,19912,16966,8758,3118,1548,41550,35181,5499,555,291,0,24,0
40580,310M100US40580,"Rocky Mount, NC Metro Area",59363,39902,18431,9485,7524,2827,1057,578,19461,17444,1696,194,54,55,18,0
40660,310M100US40660,"Rome, GA Metro Area",34977,24356,10592,5772,4570,2166,840,416,10621,9171,1118,151,80,51,50,0
40900,310M100US40900,"Sacramento--Arden-Arcade--Roseville, CA Metro Area",775432,517461,208695,115969,109568,49350,19048,14831,257971,197457,47927,8046,3019,1023,323,176
40980,310M100US40980,"Saginaw-Saginaw Township North, MI Metro Area",76764,51118,24009,11830,9372,3933,1182,792,25646,21862,3054,429,191,51,49,10
41060,310M100US41060,"St. Cloud, MN Metro Area",71351,46838,20641,10409,9172,4417,1331,868,24513,17433,5008,797,979,140,127,29
41100,310M100US41100,"St. George, UT Metro Area",45895,35313,16348,5373,5637,3963,2024,1968,10582,8462,1636,227,188,50,19,0
41140,310M100US41140,"St. Joseph, MO-KS Metro Area",47630,31295,14467,6671,6111,2741,850,455,16335,13577,2218,330,107,89,5,9
41180,310M100US41180,"St. Louis, MO-IL Metro Area",1106719,728433,319307,170750,144559,64036,20693,9088,378286,318704,51097,5772,1994,583,83,53
41420,310M100US41420,"Salem, OR Metro Area",140463,96240,41701,20375,17907,9007,4586,2664,44223,35656,6855,1071,485,150,6,0
41500,310M100US41500,"Salinas, CA Metro Area",124963,89606,30718,18026,18401,11273,5879,5309,35357,27554,5956,1006,674,40,52,75
41540,310M100US41540,"Salisbury, MD Metro Area",44629,28689,12605,7308,5282,2358,746,390,15940,11869,2808,757,461,26,19,0
41620,310M100US41620,"Salt Lake City, UT Metro Area",366393,260590,91996,56233,52792,31730,16161,11678,105803,82365,17791,3627,1532,240,208,40
41660,310M100US41660,"San Angelo, TX Metro Area",42084,28202,12905,6150,5393,2412,842,500,13882,11617,1931,249,85,0,0,0
41700,310M100US41700,"San Antonio-New Braunfels, TX Metro Area",726502,507377,193622,119827,105376,53729,21466,13357,219125,184243,29307,3813,1289,307,63,103
41740,310M100US41740,"San Diego-Carlsbad-San Marcos, CA Metro Area",1061789,703747,270989,161252,150730,71307,29766,19703,358042,266382,71983,12561,5303,1405,293,115
41780,310M100US41780,"Sandusky, OH Metro Area",31855,21379,10634,4291,3962,1581,648,263,10476,9036,1152,151,119,18,0,0
41860,310M100US41860,"San Francisco-Oakland-Fremont, CA Metro Area",1594554,984779,387372,232720,213495,91032,35335,24825,609775,470938,110329,18059,7351,1949,540,609
41940,310M100US41940,"San Jose-Sunnyvale-Santa Clara, CA Metro Area",613559,434720,151209,104357,101901,44994,18382,13877,178839,139811,31228,4944,1517,648,279,412
42020,310M100US42020,"San Luis Obispo-Paso Robles, CA Metro Area",102434,64250,31640,13594,11720,4826,1634,836,38184,26841,8080,1837,890,464,72,0
42060,310M100US42060,"Santa Barbara-Santa Maria-Goleta, CA Metro Area",141793,91108,36607,19460,16971,9671,4069,4330,50685,36234,9648,2409,1583,295,275,241
42100,310M100US42100,"Santa Cruz-Watsonville, CA Metro Area",93802,58957,24569,13068,11890,5257,2189,1984,34845,24517,7496,1529,906,176,151,70
42140,310M100US42140,"Santa Fe, NM Metro Area",60144,35757,18197,7712,6325,2263,873,387,24387,19733,3824,615,174,33,0,8
42220,310M100US42220,"Santa Rosa-Petaluma, CA Metro Area",184033,116699,50806,26242,23916,9537,3831,2367,67334,51122,13381,1974,567,108,65,117
42340,310M100US42340,"Savannah, GA Metro Area",128396,84337,37612,21234,15383,6857,2247,1004,44059,35290,7259,919,455,80,56,0
42540,310M100US42540,"Scranton--Wilkes-Barre, PA Metro Area",228196,147130,68789,35386,26835,11363,3079,1678,81066,70336,9170,740,472,200,77,71
42660,310M100US42660,"Seattle-Tacoma-Bellevue, WA Metro Area",1341462,834637,355013,199403,175378,67919,23103,13821,506825,392827,93013,13911,4391,1625,504,554
42680,310M100US42680,"Sebastian-Vero Beach, FL Metro Area",57560,37314,21334,6838,5610,2505,798,229,20246,16929,2911,247,92,39,23,5
43100,310M100US43100,"Sheboygan, WI Metro Area",46572,30785,15152,5922,5548,2798,748,617,15787,13147,2246,329,51,14,0,0
43300,310M100US43300,"Sherman-Denison, TX Metro Area",45545,31768,14973,6884,5728,2881,872,430,13777,11469,1937,305,45,13,8,0
43340,310M100US43340,"Shreveport-Bossier City, LA Metro Area",150600,97195,43753,23627,18016,7456,2681,1662,53405,47019,5234,681,262,175,23,11
43580,310M100US43580,"Sioux City, IA-NE-SD Metro Area",54208,36880,16940,7138,6564,4168,1457,613,17328,14490,2469,243,98,28,0,0
43620,310M100US43620,"Sioux Falls, SD Metro Area",86818,58142,25935,13443,11281,4959,1679,845,28676,23480,4491,550,149,6,0,0
43780,310M100US43780,"South Bend-Mishawaka, IN-MI Metro Area",120741,79699,35649,17017,16057,7061,2507,1408,41042,34948,5163,658,140,57,56,20
43900,310M100US43900,"Spartanburg, SC Metro Area",106397,74223,33894,17782,14346,5516,1854,831,32174,28431,3235,435,59,0,11,3
44060,310M100US44060,"Spokane, WA Metro Area",184590,117689,54059,26152,22517,9288,3611,2062,66901,53021,11260,1689,548,232,137,14
44100,310M100US44100,"Springfield, IL Metro Area",87024,54826,25349,13352,9810,4531,1272,512,32198,27415,4169,486,94,0,34,0
44140,310M100US44140,"Springfield, MA Metro Area",266784,168159,72454,39912,35432,13590,4323,2448,98625,80209,15322,1833,995,161,71,34
44180,310M100US44180,"Springfield, MO Metro Area",172468,113220,53480,26245,20453,8500,2980,1562,59248,47787,9451,1354,439,142,20,55
44220,310M100US44220,"Springfield, OH Metro Area",55145,36684,17194,8503,6542,2837,953,655,18461,15482,2375,374,183,47,0,0
44300,310M100US44300,"State College, PA Metro Area",54971,31564,15826,6791,5989,2024,598,336,23407,15506,4332,1936,1478,122,33,0
44600,310M100US44600,"Steubenville-Weirton, OH-WV Metro Area",52250,34474,16754,8993,5865,1944,719,199,17776,15605,1946,159,54,12,0,0
44700,310M100US44700,"Stockton, CA Metro Area",212905,158997,50248,33855,35020,21565,10172,8137,53908,42394,8772,1660,741,141,102,98
44940,310M100US44940,"Sumter, SC Metro Area",38856,26744,11811,6634,4567,2523,766,443,12112,10633,1298,48,133,0,0,0
45060,310M100US45060,"Syracuse, NY Metro Area",256142,162453,71593,37337,33359,13497,4190,2477,93689,75711,14699,2086,795,386,12,0
45220,310M100US45220,"Tallahassee, FL Metro Area",141390,82324,38359,20921,14747,5490,1575,1232,59066,42570,11532,2738,2079,106,41,0
45300,310M100US45300,"Tampa-St. Petersburg-Clearwater, FL Metro Area",1123163,698563,344941,158832,121691,50126,15263,7710,424600,345570,68524,7128,2551,695,85,47
45460,310M100US45460,"Terre Haute, IN Metro Area",65424,42352,20084,9505,8113,2965,1261,424,23072,18948,3378,549,125,36,28,8
45500,310M100US45500,"Texarkana, TX-Texarkana, AR Metro Area",50150,34423,15664,8266,6884,2248,978,383,15727,14108,1340,178,83,0,0,18
45780,310M100US45780,"Toledo, OH Metro Area",261914,166319,76615,38744,30748,13903,4360,1949,95595,78627,13621,2146,984,176,6,35
45820,310M100US45820,"Topeka, KS Metro Area",95272,63403,30653,13724,11182,5088,1627,1129,31869,27218,3890,573,111,15,26,36
45940,310M100US45940,"Trenton-Ewing, NJ Metro Area",129213,87385,34311,21241,20061,7854,2655,1263,41828,34523,5637,563,547,295,174,89
46060,310M100US46060,"Tucson, AZ Metro Area",381880,237380,112314,50532,41324,20485,8005,4720,144500,117768,21763,3142,1348,255,141,83
46140,310M100US46140,"Tulsa, OK Metro Area",361758,241646,109164,53262,44930,22041,8208,4041,120112,101779,15864,1910,390,127,11,31
46220,310M100US46220,"Tuscaloosa, AL Metro Area",78540,49114,23246,11243,10020,2880,1242,483,29426,23799,4554,783,273,0,17,0
46340,310M100US46340,"Tyler, TX Metro Area",76427,53113,23519,11704,9767,4865,1893,1365,23314,19984,2830,393,37,55,0,15
46540,310M100US46540,"Utica-Rome, NY Metro Area",118349,76949,34489,17323,15172,6677,1911,1377,41400,34637,5865,680,167,51,0,0
46660,310M100US46660,"Valdosta, GA Metro Area",49266,33916,13675,8781,7022,2791,1129,518,15350,12025,2314,680,326,5,0,0
46700,310M100US46700,"Vallejo-Fairfield, CA Metro Area",139011,99907,37348,22868,21707,11065,4245,2674,39104,30961,6669,869,455,92,9,49
47020,310M100US47020,"Victoria, TX Metro Area",42808,30961,13572,6988,5969,2863,786,783,11847,10179,1293,207,168,0,0,0
47220,310M100US47220,"Vineland-Millville-Bridgeton, NJ Metro Area",50825,35210,13659,8606,7017,3400,1434,1094,15615,13313,2012,129,130,8,20,3
47260,310M100US47260,"Virginia Beach-Norfolk-Newport News, VA-NC Metro Area",620833,423423,183268,104213,82785,34957,11921,6279,197410,160288,29345,5441,1632,456,114,134
47300,310M100US47300,"Visalia-Porterville, CA Metro Area",126664,99932,30265,20308,20232,15885,7451,5791,26732,22031,3847,462,212,99,54,27
47380,310M100US47380,"Waco, TX Metro Area",82998,55570,24345,12275,9999,5155,2512,1284,27428,22076,4029,710,491,62,35,25
47580,310M100US47580,"Warner Robins, GA Metro Area",50199,34908,14059,8874,7740,2949,890,396,15291,13037,1702,347,118,25,20,42
47900,310M100US47900,"Washington-Arlington-Alexandria, DC-VA-MD-WV Metro Area",2014467,1309929,507337,312379,286367,127313,46602,29931,704538,567770,107959,18710,6394,2578,683,444
47940,310M100US47940,"Waterloo-Cedar Falls, IA Metro Area",66261,42691,21882,8273,7396,3686,915,539,23570,18216,3589,778,935,20,32,0
48140,310M100US48140,"Wausau, WI Metro Area",52708,36328,16831,7772,7090,2691,1241,703,16380,13235,2713,264,128,40,0,0
48300,310M100US48300,"Wenatchee-East Wenatchee, WA Metro Area",40478,28286,12745,6252,5185,2467,1143,494,12192,9827,1892,362,89,22,0,0
48540,310M100US48540,"Wheeling, WV-OH Metro Area",61851,40556,21083,8937,6613,2726,788,409,21295,18842,2046,272,102,6,27,0
48620,310M100US48620,"Wichita, KS Metro Area",237351,158205,69626,33553,30275,15977,5570,3204,79146,67422,9938,1170,442,142,0,32
48660,310M100US48660,"Wichita Falls, TX Metro Area",56415,37851,17039,8918,7156,3229,939,570,18564,15359,2477,483,172,73,0,0
48700,310M100US48700,"Williamsport, PA Metro Area",46612,31313,15149,7054,5739,2306,723,342,15299,12479,2159,443,146,72,0,0
48900,310M100US48900,"Wilmington, NC Metro Area",149297,94264,49491,21347,15147,5815,1735,729,55033,43449,9510,1628,385,47,9,5
49020,310M100US49020,"Winchester, VA-WV Metro Area",48534,32544,14267,7958,6274,2675,867,503,15990,13150,2465,241,134,0,0,0
49180,310M100US49180,"Winston-Salem, NC Metro Area",186111,123967,57654,29302,22780,9522,3245,1464,62144,54681,5919,1144,286,114,0,0
49340,310M100US49340,"Worcester, MA Metro Area",298162,201905,81181,47191,47806,18320,5081,2326,96257,78576,14537,2085,812,236,0,11
49420,310M100US49420,"Yakima, WA Metro Area",79075,58284,21513,11724,11650,7081,3244,3072,20791,16451,3406,625,243,16,50,0
49620,310M100US49620,"York-Hanover, PA Metro Area",166600,118102,54592,26816,23853,8641,2748,1452,48498,39395,7400,1077,384,210,32,0
49660,310M100US49660,"Youngstown-Warren-Boardman, OH-PA Metro Area",232168,151238,73774,33386,26522,11569,3896,2091,80930,70838,8785,841,358,87,0,21
49700,310M100US49700,"Yuba City, CA Metro Area",55123,40453,13636,8452,8942,5525,2346,1552,14670,11627,2451,440,94,38,0,20
49740,310M100US49740,"Yuma, AZ Metro Area",69563,53470,21364,10488,9626,7389,2905,1698,16093,12805,2904,121,220,43,0,0
