GEO_ID_2,GEO_ID,MSA,HH_TOT,HH_INC1,HH_INC2,HH_INC3,HH_INC4,HH_INC5,HH_INC6,HH_INC7,HH_INC8,HH_INC9,HH_INC10,HH_INC11,HH_INC12,HH_INC13,HH_INC14,HH_INC15,HH_INC16
10180,310M100US10180,"Abilene, TX Metro Area",60912,4755,3984,4208,4463,3729,4117,3776,3079,2834,5419,6073,6851,3284,1815,1460,1065
10420,310M100US10420,"Akron, OH Metro Area",284941,23880,16607,15136,15646,15171,16342,14605,14895,14117,23407,30980,35182,19959,10774,10301,7939
10500,310M100US10500,"Albany, GA Metro Area",58366,7228,4843,5102,3519,3713,3749,2960,2797,2698,4412,5203,5676,2794,1443,1110,1119
10580,310M100US10580,"Albany-Schenectady-Troy, NY Metro Area",346139,20116,17224,15549,17834,16409,16432,15981,15780,14821,28706,37081,49237,33402,18254,17371,11942
10740,310M100US10740,"Albuquerque, NM Metro Area",336709,26896,18746,18072,20060,18161,20733,18017,18406,14700,27750,35181,39633,24608,13679,12920,9147
10780,310M100US10780,"Alexandria, LA Metro Area",55534,4764,4840,4334,3942,3001,3025,3519,2846,2279,3989,5557,6251,3004,1713,1475,995
10900,310M100US10900,"Allentown-Bethlehem-Easton, PA-NJ Metro Area",312520,16208,15657,15120,16340,14750,15403,14808,15192,13882,26267,35918,42998,28509,16122,14183,11163
11020,310M100US11020,"Altoona, PA Metro Area",51651,3970,3890,3922,3525,3417,3451,2521,2542,2557,4810,5687,5779,2593,1302,847,838
11100,310M100US11100,"Amarillo, TX Metro Area",90561,7042,5741,5855,5752,5487,5200,4416,4620,3993,8034,9512,11464,5525,2931,2607,2382
11180,310M100US11180,"Ames, IA Metro Area",34227,2867,2119,2287,1812,2011,1718,1778,1581,1532,2865,3262,4537,2528,1430,1054,846
11260,310M100US11260,"Anchorage, AK Metro Area",133676,4513,4293,4103,4351,5550,5761,4816,5592,5654,10538,15004,21370,15195,9679,9577,7680
11300,310M100US11300,"Anderson, IN Metro Area",51436,4093,3389,2648,3130,3408,3429,3560,3138,2693,4335,5896,5790,3240,1223,836,628
11340,310M100US11340,"Anderson, SC Metro Area",71973,6622,5225,4967,5299,4365,4537,3166,3109,3522,6426,7042,8845,4098,1896,1668,1186
11460,310M100US11460,"Ann Arbor, MI Metro Area",134161,10261,6310,5750,6206,5906,6533,5945,5718,4986,10314,13063,17089,12813,7633,8496,7138
11500,310M100US11500,"Anniston-Oxford, AL Metro Area",46421,5872,3650,3436,2887,2583,2999,2598,2247,1791,3810,4562,4860,2294,1243,897,692
11540,310M100US11540,"Appleton, WI Metro Area",87327,3869,3986,3586,4199,4117,4489,4433,4039,4349,8846,10789,14101,8058,3779,2802,1885
11700,310M100US11700,"Asheville, NC Metro Area",178865,12888,12522,11046,11965,11152,11714,10309,9501,8696,16773,18523,20590,10062,4783,4220,4121
12020,310M100US12020,"Athens-Clarke County, GA Metro Area",67266,9318,4626,4180,4630,3392,3624,3389,3076,2586,5196,5919,6758,3799,2293,2348,2132
12060,310M100US12060,"Atlanta-Sandy Springs-Marietta, GA Metro Area",1874002,117326,80615,80973,86347,86640,97533,87719,96142,80083,156745,203337,246691,163119,97215,98207,95310
12100,310M100US12100,"Atlantic City-Hammonton, NJ Metro Area",101645,6723,5320,4941,4840,5159,5335,5343,4467,4340,8534,10419,14818,8565,4659,4764,3418
12220,310M100US12220,"Auburn-Opelika, AL Metro Area",54016,6695,4181,3854,3317,3200,2723,2587,2259,2281,4248,5484,5652,3218,1840,1421,1056
12260,310M100US12260,"Augusta-Richmond County, GA-SC Metro Area",203083,20148,13767,12519,11649,11902,11798,11233,9655,8290,16738,20694,23598,13436,6721,6071,4864
12420,310M100US12420,"Austin-Round Rock-San Marcos, TX Metro Area",620073,40410,25816,25724,28992,30190,30681,29969,31645,25046,52216,65991,80244,56281,31919,33137,31812
12540,310M100US12540,"Bakersfield-Delano, CA Metro Area",248057,16661,18238,15049,15160,14769,13552,12880,13419,10804,19985,24229,28936,18616,10618,8738,6403
12580,310M100US12580,"Baltimore-Towson, MD Metro Area",1018225,60512,38390,38379,39050,42341,42199,41966,41471,38184,80443,104780,140109,104383,67354,72892,65772
12620,310M100US12620,"Bangor, ME Metro Area",62282,5102,4687,4313,4284,3816,3833,3175,3430,3075,5568,6238,7174,3379,1645,1500,1063
12700,310M100US12700,"Barnstable Town, MA Metro Area",98164,4781,4159,4301,4393,4190,5057,4673,5250,3781,8186,11293,14044,8906,5170,5390,4590
12940,310M100US12940,"Baton Rouge, LA Metro Area",288358,25347,17624,17387,16444,15752,15010,13383,14567,12207,23020,27137,35410,21975,12449,11636,9010
12980,310M100US12980,"Battle Creek, MI Metro Area",53925,4594,3645,3722,3332,3490,3417,3054,3157,2484,4708,5708,5884,3226,1421,1285,798
13020,310M100US13020,"Bay City, MI Metro Area",44345,3528,2588,2688,2655,2847,2659,2585,2792,2662,4233,4603,4873,2683,1339,976,634
13140,310M100US13140,"Beaumont-Port Arthur, TX Metro Area",141653,12953,9932,8979,8288,8760,7747,7018,7113,6048,11278,13857,17035,9772,5089,4660,3124
13380,310M100US13380,"Bellingham, WA Metro Area",78186,6260,4671,4167,4527,4111,4651,4149,4153,3008,6772,8626,10683,5118,3219,2156,1915
13460,310M100US13460,"Bend, OR Metro Area",63190,3274,2837,3054,3642,3862,3884,2862,3149,2919,6557,7161,8400,5238,2435,2001,1915
13740,310M100US13740,"Billings, MT Metro Area",63895,3611,3764,3737,4202,3208,4123,3620,3527,2903,5958,7022,8122,4652,2057,1911,1478
13780,310M100US13780,"Binghamton, NY Metro Area",101208,8313,6264,6373,6286,5774,6104,5387,5127,4590,8774,10837,12137,6320,3861,2895,2166
13820,310M100US13820,"Birmingham-Hoover, AL Metro Area",432183,34843,26086,25865,26095,22914,24594,22533,22044,19288,37011,42608,48920,31493,16729,16271,14889
13900,310M100US13900,"Bismarck, ND Metro Area",43725,2510,2056,2334,2833,2282,2401,2193,2125,1989,3882,4860,6601,3921,1640,1049,1049
13980,310M100US13980,"Blacksburg-Christiansburg-Radford, VA Metro Area",62034,6880,4727,4603,3959,3389,3208,3236,3315,2910,4838,6246,6903,3336,1839,1617,1028
14020,310M100US14020,"Bloomington, IN Metro Area",72896,9603,5088,4924,4476,4453,4082,3879,3480,3110,5814,6827,8194,3932,2081,1509,1444
14060,310M100US14060,"Bloomington-Normal, IL Metro Area",63145,4039,3039,2886,3269,2808,3147,2779,2988,2350,5402,6822,8766,6241,3273,3427,1909
14260,310M100US14260,"Boise City-Nampa, ID Metro Area",221144,12473,11738,10776,12122,13471,13217,11851,12156,10152,22000,26158,27681,15183,8344,7508,6314
14460,310M100US14460,"Boston-Cambridge-Quincy, MA-NH Metro Area",1735175,112412,78529,65263,65744,61144,65638,59145,66579,58963,119338,169742,232772,182411,122295,135620,139580
14500,310M100US14500,"Boulder, CO Metro Area",117629,8163,4617,4745,5134,4980,5432,5040,4966,4257,7614,11623,14248,10876,7777,8837,9320
14540,310M100US14540,"Bowling Green, KY Metro Area",46731,4529,3149,3102,2822,3140,2818,2305,2407,2233,3962,4436,5547,3120,1273,1012,876
14740,310M100US14740,"Bremerton-Silverdale, WA Metro Area",95758,5107,3058,3893,4092,4496,4736,4689,4617,4688,8852,11348,13564,8708,5512,4951,3447
14860,310M100US14860,"Bridgeport-Stamford-Norwalk, CT Metro Area",331782,16505,11506,11758,11156,11654,10475,10346,11312,9989,20925,28670,41453,33392,22551,27014,53076
15180,310M100US15180,"Brownsville-Harlingen, TX Metro Area",113547,17136,11089,10473,8403,7485,7345,6487,5176,4854,8050,8883,7521,4729,2419,1777,1720
15260,310M100US15260,"Brunswick, GA Metro Area",42933,3967,2870,2593,2214,2794,2218,2146,2175,1755,3160,4878,4943,3006,1523,1425,1266
15380,310M100US15380,"Buffalo-Niagara Falls, NY Metro Area",466232,40940,28798,27701,28129,26064,26015,22993,23736,19962,38282,47691,57445,33915,17502,15395,11664
15500,310M100US15500,"Burlington, NC Metro Area",59000,4783,4142,3871,3891,3931,3591,2619,3168,3297,5189,6409,6515,3632,1686,1207,1069
15540,310M100US15540,"Burlington-South Burlington, VT Metro Area",83140,4287,4223,3557,4034,3893,3596,3991,4141,3526,7507,9906,12344,7433,3963,3782,2957
15940,310M100US15940,"Canton-Massillon, OH Metro Area",162409,11676,9837,10647,10389,10143,10877,8999,9066,8322,13989,17713,19035,9509,4813,3936,3458
15980,310M100US15980,"Cape Coral-Fort Myers, FL Metro Area",245751,14153,12234,12802,13969,14373,14689,13517,14115,12988,22852,26021,29963,17540,8732,7657,10146
16020,310M100US16020,"Cape Girardeau-Jackson, MO-IL Metro Area",37747,3317,2912,2184,2497,2489,2294,2376,2010,1832,3500,3995,4205,1916,864,681,675
16180,310M100US16180,"Carson City, NV Metro Area",21467,1300,1242,1272,1119,1268,928,1048,1299,964,1954,2162,2832,1684,1003,925,467
16220,310M100US16220,"Casper, WY Metro Area",29597,1669,1297,1506,1639,1858,2017,1516,1503,1574,2413,3152,3808,2260,1481,1012,892
16300,310M100US16300,"Cedar Rapids, IA Metro Area",103740,5438,4674,5080,5597,5818,5945,5696,5262,5089,9093,11979,14863,8769,4547,3254,2636
16580,310M100US16580,"Champaign-Urbana, IL Metro Area",90044,9751,4934,5740,4955,4937,5181,4321,4092,3671,7308,9426,10337,6674,3256,3123,2338
16620,310M100US16620,"Charleston, WV Metro Area",125740,11245,8586,8370,8520,7506,7674,6641,7287,6130,10683,12475,13870,7205,3555,2918,3075
16700,310M100US16700,"Charleston-North Charleston-Summerville, SC Metro Area",245938,19356,12624,13098,13186,12664,13425,12510,13255,12015,21633,25636,31843,18158,9224,8732,8579
16740,310M100US16740,"Charlotte-Gastonia-Rock Hill, NC-SC Metro Area",648431,40719,30567,32218,33774,33208,35452,31394,34060,31729,55249,70227,80597,52183,28747,28400,29907
16820,310M100US16820,"Charlottesville, VA Metro Area",77120,5963,3291,2820,3998,3403,4060,3571,3521,3535,6639,7810,10085,6824,3527,3985,4088
16860,310M100US16860,"Chattanooga, TN-GA Metro Area",206602,17130,13844,13572,14064,12907,13258,11191,10190,9307,17097,20178,23604,12299,6354,5749,5858
16940,310M100US16940,"Cheyenne, WY Metro Area",35790,1731,1685,1606,2059,1730,2077,1937,2153,1846,3242,4626,4928,2701,1506,1239,724
16980,310M100US16980,"Chicago-Joliet-Naperville, IL-IN-WI Metro Area",3424098,220523,144897,156101,158912,149069,157078,146371,153105,138172,271767,357830,468519,315659,194873,194991,196231
17020,310M100US17020,"Chico, CA Metro Area",85465,6075,6944,5585,6005,5919,4875,4455,4586,3482,6917,8303,9869,5515,2620,2710,1605
17140,310M100US17140,"Cincinnati-Middletown, OH-KY-IN Metro Area",813576,59043,41272,40771,41938,40829,42725,39520,39438,34320,68163,87444,106790,68373,37189,35681,30080
17300,310M100US17300,"Clarksville, TN-KY Metro Area",97792,8547,5747,5517,5811,5750,6866,5725,5587,4597,9728,10791,11644,5533,3006,1838,1105
17420,310M100US17420,"Cleveland, TN Metro Area",43787,4128,3375,3368,2602,2786,3103,2831,2788,1776,3458,4487,4570,1896,947,892,780
17460,310M100US17460,"Cleveland-Elyria-Mentor, OH Metro Area",846121,70820,51213,48223,47821,46078,45897,42525,43429,37882,70262,86973,102030,63041,33713,29631,26583
17660,310M100US17660,"Coeur d'Alene, ID Metro Area",54560,3201,3639,3086,2912,3838,3406,3282,3186,2665,5211,5842,7123,3281,1506,1171,1211
17780,310M100US17780,"College Station-Bryan, TX Metro Area",79087,13230,5114,5851,5301,3861,3616,3725,3215,2947,5880,6490,7706,4460,2674,2787,2230
17820,310M100US17820,"Colorado Springs, CO Metro Area",236155,13599,10321,10552,12111,11378,11602,12234,11597,10460,20788,27146,31545,20754,12787,10732,8549
17860,310M100US17860,"Columbia, MO Metro Area",67276,6404,4103,3340,4736,3765,3804,3627,3516,2781,5767,7176,7733,4538,2443,1849,1694
17900,310M100US17900,"Columbia, SC Metro Area",287784,22997,14761,16802,16412,15876,17483,16251,14650,12879,24755,30422,35775,21295,11038,9091,7297
17980,310M100US17980,"Columbus, GA-AL Metro Area",109062,11141,7920,7254,7463,7322,6056,5683,5464,5048,8559,11461,11580,6208,2985,2597,2321
18020,310M100US18020,"Columbus, IN Metro Area",29856,1495,1556,1410,1669,1567,1738,1624,1582,1485,2832,3525,3938,2333,1375,940,787
18140,310M100US18140,"Columbus, OH Metro Area",700135,53529,32472,34773,36077,34950,38312,34791,34393,32957,57141,77753,87575,57293,32151,30542,25426
18580,310M100US18580,"Corpus Christi, TX Metro Area",153704,14382,10634,9694,10708,8420,9585,8063,7294,6583,12485,14858,16687,10469,5500,4573,3769
18700,310M100US18700,"Corvallis, OR Metro Area",33471,4050,1468,2129,1965,1684,1857,1410,1403,1222,2354,3208,3749,3157,1471,1168,1176
18880,310M100US18880,"Crestview-Fort Walton Beach-Destin, FL Metro Area",72442,4029,2946,3337,3788,3432,3961,4201,3946,3482,6750,8738,9615,5760,3222,2631,2604
19060,310M100US19060,"Cumberland, MD-WV Metro Area",40085,4124,2694,2942,3225,3203,2621,2139,1862,1533,3444,3656,4298,2235,899,729,481
19100,310M100US19100,"Dallas-Fort Worth-Arlington, TX Metro Area",2207246,126527,95575,103830,113458,112995,114480,107163,107278,95910,185869,226432,280677,192545,115150,115070,114287
19140,310M100US19140,"Dalton, GA Metro Area",48540,3786,3567,3778,3312,3197,3235,2734,2608,2794,4917,4319,4608,2522,1172,1152,839
19180,310M100US19180,"Danville, IL Metro Area",32236,3487,2083,2323,2279,2183,1886,2123,1654,1674,2701,3578,3278,1599,586,506,296
19260,310M100US19260,"Danville, VA Metro Area",46011,5264,4288,3889,3370,2802,3365,2594,2626,2084,3570,4112,3954,2069,923,703,398
19340,310M100US19340,"Davenport-Moline-Rock Island, IA-IL Metro Area",154067,11011,8112,8966,9355,8695,9145,8713,7625,7610,13486,16473,20399,10385,5315,4601,4176
19380,310M100US19380,"Dayton, OH Metro Area",343101,29399,18443,19100,20107,19503,20753,19089,17613,15974,29387,36481,41871,24113,11992,12029,7247
19460,310M100US19460,"Decatur, AL Metro Area",59787,4945,3585,4788,3922,3538,3610,3423,3061,2801,5301,6020,6651,4284,1456,1601,801
19500,310M100US19500,"Decatur, IL Metro Area",44947,3404,2916,2744,3182,2888,2826,2366,2482,2129,3732,4373,5201,3116,1256,1171,1161
19660,310M100US19660,"Deltona-Daytona Beach-Ormond Beach, FL Metro Area",200346,15540,12664,12659,13127,12729,12276,11776,10675,9933,18419,21220,22089,12103,5430,4858,4848
19740,310M100US19740,"Denver-Aurora-Broomfield, CO Metro Area",978799,59748,41458,41474,45342,42758,46910,44090,45377,41886,79316,102876,130670,93180,56103,56448,51163
19780,310M100US19780,"Des Moines-West Des Moines, IA Metro Area",219755,11006,9629,9631,11513,10264,11209,11072,10666,9852,19283,25391,31776,20569,10269,9475,8150
19820,310M100US19820,"Detroit-Warren-Livonia, MI Metro Area",1667113,130932,86237,86504,89964,85715,87170,81712,78495,70529,133303,168439,212086,137600,81899,76504,60024
20020,310M100US20020,"Dothan, AL Metro Area",55411,5940,4376,4140,3943,3556,3274,3182,3009,2493,4295,4807,5746,2964,1535,1268,883
20100,310M100US20100,"Dover, DE Metro Area",57396,3775,2637,3159,2574,2651,3196,3213,3117,2609,5770,6763,8102,4408,2531,1846,1045
20220,310M100US20220,"Dubuque, IA Metro Area",36787,1938,1993,2039,2182,2328,2266,2189,2125,1877,3461,4128,4938,2337,1245,761,980
20260,310M100US20260,"Duluth, MN-WI Metro Area",119423,9361,8519,7748,7466,6743,6745,6288,6296,5600,10339,13893,14280,7477,3812,2836,2020
20500,310M100US20500,"Durham-Chapel Hill, NC Metro Area",195551,16690,10163,9844,10681,10725,10897,9454,9385,8284,15630,18498,23230,15004,8997,8876,9193
20740,310M100US20740,"Eau Claire, WI Metro Area",63463,4143,4005,4439,4225,3199,3760,3009,3743,2917,5609,7235,8112,4258,2098,1555,1156
20940,310M100US20940,"El Centro, CA Metro Area",47304,4045,4568,4181,3289,3037,2827,2413,1626,2159,3611,4122,4861,2972,1384,1408,801
21060,310M100US21060,"Elizabethtown, KY Metro Area",42431,2784,2481,2753,2746,2419,2556,2364,2450,2112,3873,4497,5388,3230,1205,999,574
21140,310M100US21140,"Elkhart-Goshen, IN Metro Area",70035,4114,3608,4244,4116,4340,4364,4381,4175,3748,6658,8092,8881,4546,1709,1566,1493
21300,310M100US21300,"Elmira, NY Metro Area",35418,2582,2371,2713,2314,2399,2133,1731,1597,1754,3279,3696,3842,2272,1206,749,780
21340,310M100US21340,"El Paso, TX Metro Area",242943,28201,20564,19519,17649,16212,15484,13161,13101,10993,18697,20841,20820,12500,6325,4900,3976
21500,310M100US21500,"Erie, PA Metro Area",108252,9793,6922,7000,7152,6616,6422,5768,6013,4671,9853,11013,12623,7003,3093,2383,1927
21660,310M100US21660,"Eugene-Springfield, OR Metro Area",143894,14047,8688,9271,9865,8972,8892,7703,7763,5886,13289,14834,15740,8354,4215,3274,3101
21780,310M100US21780,"Evansville, IN-KY Metro Area",142593,11878,8590,8594,8556,8855,8236,7716,7278,5922,11931,15204,18989,9338,5056,3504,2946
21820,310M100US21820,"Fairbanks, AK Metro Area",34596,1515,1347,937,1385,1443,1886,1417,1490,1314,2711,3949,5579,4066,2447,1985,1125
22020,310M100US22020,"Fargo, ND-MN Metro Area",84600,6495,5343,4955,4498,5289,4835,4381,4082,3678,6960,9541,10740,5970,3088,2369,2376
22140,310M100US22140,"Farmington, NM Metro Area",41767,4247,2606,2442,2002,2512,2228,1993,2259,2291,3159,3837,5516,3269,1316,1253,837
22180,310M100US22180,"Fayetteville, NC Metro Area",131543,12132,7494,7456,7732,8853,8720,7627,7704,6582,10773,14499,14510,8107,4404,2915,2035
22220,310M100US22220,"Fayetteville-Springdale-Rogers, AR-MO Metro Area",168289,12267,9773,10457,10945,10205,10826,9768,9068,8206,15401,17372,18619,10204,5420,5268,4490
22380,310M100US22380,"Flagstaff, AZ Metro Area",45478,3830,2739,2025,2769,2157,2757,2416,2382,1866,4061,4684,5779,3751,1701,1526,1035
22420,310M100US22420,"Flint, MI Metro Area",168984,16749,10025,10032,10597,10439,10455,9878,8839,7866,14323,17287,18488,11367,5577,4469,2593
22500,310M100US22500,"Florence, SC Metro Area",77441,8027,6192,4797,5186,5156,5109,4352,4515,3467,6231,7421,7781,3944,1948,2004,1311
22520,310M100US22520,"Florence-Muscle Shoals, AL Metro Area",59878,6357,5449,4585,3636,3203,3752,3329,3358,2392,4271,5736,6531,3554,1570,1073,1082
22540,310M100US22540,"Fond du Lac, WI Metro Area",40484,2167,2489,1918,2238,2144,2207,2042,2232,2100,3957,5218,6061,2809,1226,934,742
22660,310M100US22660,"Fort Collins-Loveland, CO Metro Area",117415,7959,5612,5854,5672,5499,5992,5631,6151,4514,9158,12322,15559,10151,6369,6428,4544
22900,310M100US22900,"Fort Smith, AR-OK Metro Area",112174,9995,9220,8141,9073,8041,7321,6723,5973,5107,9694,11507,10166,5156,2547,1843,1667
23060,310M100US23060,"Fort Wayne, IN Metro Area",159781,9624,7927,8516,9328,10065,10293,8854,8933,8204,15413,18628,20172,11524,4715,4194,3391
23420,310M100US23420,"Fresno, CA Metro Area",283836,21431,19921,18728,18169,16507,15476,14202,13790,12029,23207,26919,33211,20296,11734,10428,7788
23460,310M100US23460,"Gadsden, AL Metro Area",41584,4371,3216,3472,2995,3058,2940,2526,2316,1866,2763,3583,3804,2350,1136,650,538
23540,310M100US23540,"Gainesville, FL Metro Area",103516,14016,6858,7175,6957,5330,5735,5121,5189,4689,6848,9223,9766,6163,3666,3268,3512
23580,310M100US23580,"Gainesville, GA Metro Area",60173,3367,2916,3211,3383,3857,3633,3344,2833,3000,5314,6519,7897,4582,2071,2272,1974
24020,310M100US24020,"Glens Falls, NY Metro Area",53136,3010,3075,2934,2923,3176,3319,2842,2932,2276,5033,6437,7031,3958,1690,1587,913
24140,310M100US24140,"Goldsboro, NC Metro Area",46280,4708,3213,2860,3010,2909,3098,2627,2945,2081,4105,5225,4383,2670,1024,772,650
24220,310M100US24220,"Grand Forks, ND-MN Metro Area",39023,3581,2685,2445,2566,2061,2119,1942,2012,1823,3302,4361,4731,2476,1189,985,745
24300,310M100US24300,"Grand Junction, CO Metro Area",57123,3629,2999,2764,3438,3211,3251,2486,3090,2501,5011,6775,7815,4282,2300,1764,1807
24340,310M100US24340,"Grand Rapids-Wyoming, MI Metro Area",291617,19185,16993,16452,16742,16537,17170,15013,16215,14158,26890,32416,37286,20472,10704,7929,7455
24500,310M100US24500,"Great Falls, MT Metro Area",33164,2825,2135,1864,2387,2137,2179,2039,1985,1536,2972,3444,3924,1911,809,544,473
24540,310M100US24540,"Greeley, CO Metro Area",86776,5421,4724,4324,4419,4215,3973,3683,4390,4128,7392,9849,12618,8149,3891,3381,2219
24580,310M100US24580,"Green Bay, WI Metro Area",121653,6978,6172,6679,6727,6387,6619,6642,6748,5579,11258,14461,17510,9652,4230,2992,3019
24660,310M100US24660,"Greensboro-High Point, NC Metro Area",282317,24090,18235,17057,18071,18942,17643,15641,15574,12910,23360,27894,30803,17059,9031,8157,7850
24780,310M100US24780,"Greenville, NC Metro Area",71026,9504,6066,4993,4139,3937,3790,3954,3698,3200,5363,6319,6849,3981,1865,1835,1533
24860,310M100US24860,"Greenville-Mauldin-Easley, SC Metro Area",240864,20422,15225,15738,15594,14016,14512,12965,12667,11782,19242,23973,27321,16277,7312,7267,6551
25060,310M100US25060,"Gulfport-Biloxi, MS Metro Area",88803,6716,5492,5724,6126,5341,5444,4785,4462,4683,7240,9377,10677,5707,2686,2569,1774
25180,310M100US25180,"Hagerstown-Martinsburg, MD-WV Metro Area",101217,6129,5556,5421,5478,4491,6578,5383,5515,4379,8501,11564,14447,8062,4087,3386,2240
25260,310M100US25260,"Hanford-Corcoran, CA Metro Area",40606,2158,2276,2443,2722,2557,2374,2523,1821,1908,3768,4596,4466,3286,1768,1345,595
25420,310M100US25420,"Harrisburg-Carlisle, PA Metro Area",219490,12231,10003,9537,10786,11331,12633,11291,11201,10243,17973,25354,32931,19885,9439,8379,6273
25500,310M100US25500,"Harrisonburg, VA Metro Area",44666,3784,2711,2440,2673,2700,2695,2378,2540,2425,4134,4534,5317,2686,1382,1159,1108
25540,310M100US25540,"Hartford-West Hartford-East Hartford, CT Metro Area",469052,26157,18937,20083,20722,18413,18982,18777,18787,17916,35336,47170,68184,47492,31164,32650,28282
25620,310M100US25620,"Hattiesburg, MS Metro Area",53213,6150,4693,3766,3334,3215,2577,3340,2647,2185,3744,4843,5614,3141,1605,1131,1228
25860,310M100US25860,"Hickory-Lenoir-Morganton, NC Metro Area",138854,11524,10985,9265,10369,10299,8535,7969,7074,7006,12802,14419,14289,6362,3024,2523,2409
25980,310M100US25980,"Hinesville-Fort Stewart, GA Metro Area",27179,2570,1501,1754,1762,1758,2189,1234,1610,1584,2703,3235,3173,1199,330,390,187
26100,310M100US26100,"Holland-Grand Haven, MI Metro Area",92526,3918,4006,4200,4584,4480,4841,4760,5333,4805,9262,11418,13417,7765,3997,3262,2478
26180,310M100US26180,"Honolulu, HI Metro Area",304827,16397,9260,10042,11086,11716,12181,11520,12803,11481,23343,33193,46346,33466,22468,21714,17811
26300,310M100US26300,"Hot Springs, AR Metro Area",40146,3710,3432,3128,3099,2857,2804,2467,2200,2039,3264,3240,3638,1831,808,738,891
26380,310M100US26380,"Houma-Bayou Cane-Thibodaux, LA Metro Area",72186,6003,4998,4883,4071,4059,3621,3382,3340,3259,5383,7789,8951,5475,3032,2136,1804
26420,310M100US26420,"Houston-Sugar Land-Baytown, TX Metro Area",1966846,124747,93362,101245,103512,101038,104771,90553,94332,82172,156421,190410,239552,164755,102197,107289,110490
26580,310M100US26580,"Huntington-Ashland, WV-KY-OH Metro Area",115862,13416,9526,9183,7983,8357,7290,6498,5607,5023,9746,10749,10922,5518,2404,1925,1715
26620,310M100US26620,"Huntsville, AL Metro Area",156592,11170,7471,7828,9103,8078,8323,7308,7118,6372,12892,14706,18887,14446,8233,8568,6089
26820,310M100US26820,"Idaho Falls, ID Metro Area",43139,2151,2011,2140,2706,2735,2374,2458,2442,2249,4200,4935,5785,2965,1643,1473,872
26900,310M100US26900,"Indianapolis-Carmel, IN Metro Area",661968,41127,31075,33608,36151,35418,37339,33381,34273,29416,57248,70532,86357,54400,30113,27217,24313
26980,310M100US26980,"Iowa City, IA Metro Area",59752,5427,3495,3303,3411,2593,2519,2791,2989,2704,5026,6450,7834,4369,2425,2229,2187
27060,310M100US27060,"Ithaca, NY Metro Area",38446,3781,2168,2101,1942,1943,2025,1962,1917,1866,2803,3952,4083,3036,1905,1660,1302
27100,310M100US27100,"Jackson, MI Metro Area",60612,4914,3540,3448,4101,3369,3212,3649,3432,2828,5539,6630,7726,3891,1973,1423,937
27140,310M100US27140,"Jackson, MS Metro Area",195301,17824,13102,11962,11893,11371,10896,9967,9818,8673,15948,18967,22055,13395,7290,6010,6130
27180,310M100US27180,"Jackson, TN Metro Area",43007,5063,2946,2977,2618,2487,2794,2564,2185,1760,3778,4287,4260,2113,1220,904,1051
27260,310M100US27260,"Jacksonville, FL Metro Area",503657,34756,23044,24438,25474,26569,28620,25325,26342,22551,44744,57198,66823,39692,21534,18978,17569
27340,310M100US27340,"Jacksonville, NC Metro Area",56633,3968,2788,3377,3392,4416,3811,3778,3900,2979,5277,6292,6102,3175,1429,1257,692
27500,310M100US27500,"Janesville, WI Metro Area",62598,4082,3105,3666,3431,3568,3830,3659,3214,2903,5594,7105,9471,4337,2315,1302,1016
27620,310M100US27620,"Jefferson City, MO Metro Area",56530,3775,2846,2861,3199,2879,3238,2935,3057,2936,5008,7058,8352,4178,1974,1394,840
27740,310M100US27740,"Johnson City, TN Metro Area",80644,8695,6936,6632,5232,5327,5410,4092,4370,3796,6755,7244,7449,3677,1769,1468,1792
27780,310M100US27780,"Johnstown, PA Metro Area",58802,4871,4651,4388,4460,4173,3954,3164,3095,2846,5103,6101,6466,2861,1132,825,712
27860,310M100US27860,"Jonesboro, AR Metro Area",45409,5283,4077,3281,2917,2811,2976,2527,1868,1895,3931,4271,4280,2291,1170,909,922
27900,310M100US27900,"Joplin, MO Metro Area",66123,5717,5256,4985,4779,4713,4490,4107,3455,2999,6394,6730,6294,2810,1307,1141,946
28020,310M100US28020,"Kalamazoo-Portage, MI Metro Area",128552,11223,8695,8149,8069,8335,6966,6457,6757,5609,10760,12360,14652,8501,4665,4099,3255
28100,310M100US28100,"Kankakee-Bradley, IL Metro Area",40943,2608,2669,2309,2257,2085,2510,2173,2272,1454,3491,4726,5886,3299,1240,1234,730
28140,310M100US28140,"Kansas City, MO-KS Metro Area",789432,48469,36126,35754,39069,41325,41266,37839,39201,35671,66370,89082,107218,70647,38101,35298,27996
28420,310M100US28420,"Kennewick-Pasco-Richland, WA Metro Area",83460,5521,3730,3904,4186,4504,4194,4244,4363,3684,7268,8616,11036,7968,4260,3665,2317
28660,310M100US28660,"Killeen-Temple-Fort Hood, TX Metro Area",129226,9097,5876,6588,7157,7614,8241,8285,7652,6488,12410,15644,15960,8379,4009,3194,2632
28700,310M100US28700,"Kingsport-Bristol-Bristol, TN-VA Metro Area",130522,13253,10909,10058,9348,8530,8192,7813,6865,6161,11007,12571,12037,6074,2980,2428,2296
28740,310M100US28740,"Kingston, NY Metro Area",70691,3600,3331,3748,3483,3318,3320,2872,3761,3065,6302,7764,9771,6452,3845,3423,2636
28940,310M100US28940,"Knoxville, TN Metro Area",283776,25147,16324,17368,17143,17331,16396,15332,13558,14096,24772,28604,32407,18279,9701,8570,8748
29020,310M100US29020,"Kokomo, IN Metro Area",40981,2949,2439,2305,2634,2770,2564,2123,2269,1843,3790,4084,5412,2867,1340,901,691
29100,310M100US29100,"La Crosse, WI-MN Metro Area",53271,3373,3585,3344,3309,2684,2610,2625,2958,2363,5217,5887,7284,4004,1486,1414,1128
29140,310M100US29140,"Lafayette, IN Metro Area",75684,7715,4527,5269,5175,4208,4330,3677,4160,3220,6064,7776,8939,4821,2168,2174,1461
29180,310M100US29180,"Lafayette, LA Metro Area",102741,10008,6219,6522,6249,5459,5955,5098,4786,4307,7913,9976,11149,7676,3639,3958,3827
29340,310M100US29340,"Lake Charles, LA Metro Area",74264,6676,4660,5355,4641,4679,4427,3957,3098,2904,5947,7420,8690,5308,2532,1930,2040
29420,310M100US29420,"Lake Havasu City-Kingman, AZ Metro Area",80361,5986,5748,5278,5737,6350,5672,5627,5269,4167,7339,7989,7486,3408,1616,1314,1375
29460,310M100US29460,"Lakeland-Winter Haven, FL Metro Area",223689,15815,13675,14857,15193,14241,13873,13980,12889,11088,20360,24500,26499,12389,5969,4220,4141
29540,310M100US29540,"Lancaster, PA Metro Area",191474,9265,9279,9256,9044,9499,10379,9891,10099,9457,19146,23929,27087,15679,7788,6185,5491
29620,310M100US29620,"Lansing-East Lansing, MI Metro Area",180402,16409,9493,8738,9772,8859,9272,9395,9126,8471,16053,20313,23019,13860,7624,5830,4168
29700,310M100US29700,"Laredo, TX Metro Area",64714,7288,5677,5369,4206,4167,4180,3865,3210,3011,4708,5425,6192,3067,1891,1401,1057
29740,310M100US29740,"Las Cruces, NM Metro Area",71748,7426,6468,6286,5782,4311,4438,3738,3373,3326,5219,6362,6594,3891,1945,1522,1067
29820,310M100US29820,"Las Vegas-Paradise, NV Metro Area",695701,38844,25515,29554,34483,36074,37613,34844,36577,31314,64876,82602,96473,57665,33650,31186,24431
29940,310M100US29940,"Lawrence, KS Metro Area",42943,4588,2525,2608,2696,2130,2331,2171,2069,1947,3298,4247,4890,3009,1549,1582,1303
30020,310M100US30020,"Lawton, OK Metro Area",43757,3975,2572,2741,2874,2508,2742,2669,2275,1972,4522,5206,5001,2216,1025,866,593
30140,310M100US30140,"Lebanon, PA Metro Area",51543,2618,2777,2374,2785,2959,2721,2596,3152,2438,5369,5869,7560,3977,1923,1362,1063
30300,310M100US30300,"Lewiston, ID-WA Metro Area",25140,1826,1601,1878,1638,1604,1700,1469,1304,1139,2405,2874,2974,1271,612,371,474
30340,310M100US30340,"Lewiston-Auburn, ME Metro Area",44040,3315,2932,2958,2799,2706,2770,2360,2365,2340,3600,5423,5324,2678,1028,856,586
30460,310M100US30460,"Lexington-Fayette, KY Metro Area",188309,16316,11540,10758,10553,10709,10099,8786,9634,7980,15665,19035,22584,14217,7768,6742,5923
30620,310M100US30620,"Lima, OH Metro Area",40719,3520,2718,2843,2614,2225,2722,2172,2164,1818,3654,4734,4457,2627,1101,805,545
30700,310M100US30700,"Lincoln, NE Metro Area",118327,8252,6386,6060,6849,6782,6932,5761,5203,5531,11194,13225,16078,9028,4638,3445,2963
30780,310M100US30780,"Little Rock-North Little Rock-Conway, AR Metro Area",270040,21756,16047,15516,15907,15229,16292,15135,14362,12890,22785,28767,32272,17931,9535,8308,7308
30860,310M100US30860,"Logan, UT-ID Metro Area",37900,1889,1712,2530,2394,2576,2423,2311,2248,2284,3373,4531,4653,2263,1130,823,760
30980,310M100US30980,"Longview, TX Metro Area",77643,6197,5555,4570,4893,4874,4197,4609,4573,3547,6494,8382,8764,4884,2577,1658,1869
31020,310M100US31020,"Longview, WA Metro Area",39441,2782,2933,2409,2016,2317,2512,2146,2236,2131,3550,4123,4776,2519,1506,968,517
31100,310M100US31100,"Los Angeles-Long Beach-Santa Ana, CA Metro Area",4202392,238032,218284,203606,204510,196773,192276,182636,186242,163714,318450,420193,520026,374548,237341,261555,284206
31140,310M100US31140,"Louisville/Jefferson County, KY-IN Metro Area",501115,38928,29402,26628,30151,28538,28472,27830,28284,22351,42772,53691,60723,35698,18560,15213,13874
31180,310M100US31180,"Lubbock, TX Metro Area",104314,10394,7120,7111,6199,6067,6568,5748,5911,4903,8697,9575,11084,6082,3253,2618,2984
31340,310M100US31340,"Lynchburg, VA Metro Area",98494,8809,5889,6073,6292,5851,5784,5642,5363,4461,8417,11326,11302,6082,3066,2110,2027
31420,310M100US31420,"Macon, GA Metro Area",84407,9633,5764,6121,6199,4705,5023,4243,3673,3270,7065,7587,8652,5495,2739,2162,2076
31460,310M100US31460,"Madera-Chowchilla, CA Metro Area",42089,2250,2925,2291,2712,2770,2750,2567,2393,1877,3829,4125,4252,3352,1685,1057,1254
31540,310M100US31540,"Madison, WI Metro Area",229033,13877,8179,9341,10840,10421,11892,10460,10136,9451,20527,25972,35206,21822,11411,10451,9047
31700,310M100US31700,"Manchester-Nashua, NH Metro Area",153120,6232,5335,6141,5747,5846,5857,6341,5998,6327,12122,16945,24096,16638,10815,10735,7945
31740,310M100US31740,"Manhattan, KS Metro Area",43981,4826,2332,2677,2534,2583,2583,2845,2366,2162,4070,4895,4586,2376,1276,1082,788
31860,310M100US31860,"Mankato-North Mankato, MN Metro Area",36039,2433,2035,1798,1782,1808,2049,1825,2147,1744,3328,4630,5091,2583,1166,942,678
31900,310M100US31900,"Mansfield, OH Metro Area",48557,3172,2728,3115,3742,3190,3392,3097,3018,2077,4336,5273,5729,3110,1266,805,507
32580,310M100US32580,"McAllen-Edinburg-Mission, TX Metro Area",205971,31283,20311,17093,15130,13622,13088,11499,9552,8200,14562,15365,16522,8538,4106,3856,3244
32780,310M100US32780,"Medford, OR Metro Area",83333,6349,5364,5030,5497,5795,4897,5052,4427,3790,7341,8831,10149,4322,2701,1966,1822
32820,310M100US32820,"Memphis, TN-MS-AR Metro Area",476388,42959,29858,28850,26906,27135,27921,25178,24279,20466,38076,48101,53657,32895,17739,16730,15638
32900,310M100US32900,"Merced, CA Metro Area",73586,5570,5514,5135,5393,4713,4206,3402,3587,3560,6356,7476,7966,4775,2201,1946,1786
33100,310M100US33100,"Miami-Fort Lauderdale-Pompano Beach, FL Metro Area",2019604,161437,118409,115985,117700,111754,112300,102383,103574,86292,161753,197111,224532,144949,84250,82854,94321
33140,310M100US33140,"Michigan City-La Porte, IN Metro Area",42090,2747,2299,2757,2705,2679,2708,2333,2391,1968,3579,5162,5100,2703,1263,1044,652
33260,310M100US33260,"Midland, TX Metro Area",49122,3069,2437,2443,2477,2857,2655,2223,2124,2131,3897,5604,5585,3835,2232,2292,3261
33340,310M100US33340,"Milwaukee-Waukesha-West Allis, WI Metro Area",615847,39731,33387,33400,32859,32393,32607,30006,29273,26983,50932,64429,81291,53046,29000,24332,22178
33460,310M100US33460,"Minneapolis-St. Paul-Bloomington, MN-WI Metro Area",1264311,63673,47711,48430,48844,52319,54157,52673,58115,50479,104132,142124,191844,131999,75927,74607,67277
33540,310M100US33540,"Missoula, MT Metro Area",44172,4714,3149,2763,2818,2594,2537,2130,2466,1764,3883,4110,4778,2864,1470,1123,1009
33660,310M100US33660,"Mobile, AL Metro Area",153302,17971,11183,10280,8965,9294,9230,8064,7624,7102,13576,14347,16139,8515,4229,3409,3374
33700,310M100US33700,"Modesto, CA Metro Area",163841,9373,10013,9954,9895,8790,8129,8281,7868,7829,14513,17206,20872,12845,7642,6116,4515
33740,310M100US33740,"Monroe, LA Metro Area",64501,8152,5330,4063,3671,4143,3778,3276,3327,2732,5307,5506,6175,3897,1988,1767,1389
33780,310M100US33780,"Monroe, MI Metro Area",58298,3235,2609,2816,2923,2977,3141,2940,3005,2379,5311,6676,8973,5391,2993,1878,1051
33860,310M100US33860,"Montgomery, AL Metro Area",140457,12024,9643,7681,8193,8012,7846,7615,7484,5966,11484,13627,17749,9820,5336,4611,3366
34060,310M100US34060,"Morgantown, WV Metro Area",47923,6701,3425,3406,3047,2535,2704,2246,2161,2074,3727,4352,5379,2500,1313,1141,1212
34100,310M100US34100,"Morristown, TN Metro Area",52671,5503,4485,4095,3875,3321,3579,2792,2942,2548,4581,5432,4739,2325,899,731,824
34580,310M100US34580,"Mount Vernon-Anacortes, WA Metro Area",45253,2614,2118,1971,2331,2358,2754,2005,2241,1817,4860,5579,6427,3579,1980,1466,1153
34620,310M100US34620,"Muncie, IN Metro Area",46212,4937,3780,3142,3166,3100,3322,2698,2488,1877,4085,4566,4243,2300,1109,714,685
34740,310M100US34740,"Muskegon-Norton Shores, MI Metro Area",65778,5802,4977,4613,4415,4067,4464,4012,3689,3211,6119,6709,7250,3344,1347,1121,638
34820,310M100US34820,"Myrtle Beach-North Myrtle Beach-Conway, SC Metro Area",112057,8097,7333,7478,7403,7488,7865,6295,6586,6124,9367,11808,12394,5519,3336,2563,2401
34900,310M100US34900,"Napa, CA Metro Area",49179,1861,2285,2018,1942,1727,2179,2453,2083,1620,3409,5237,6429,5349,2980,3641,3966
34940,310M100US34940,"Naples-Marco Island, FL Metro Area",119517,6165,4664,4743,6114,5884,6794,5472,6202,5783,9613,12212,14983,9364,5930,5914,9680
34980,310M100US34980,"Nashville-Davidson--Murfreesboro--Franklin, TN Metro Area",597128,41673,30931,29252,30130,31436,34181,30643,32022,28758,52022,66251,74981,44610,23687,22654,23897
35300,310M100US35300,"New Haven-Milford, CT Metro Area",330785,21509,15608,15512,15614,15187,14578,13237,14545,11845,25048,32864,43808,32990,20865,19837,17738
35380,310M100US35380,"New Orleans-Metairie-Kenner, LA Metro Area",416300,35596,25780,24669,23742,23659,22091,20849,20601,19188,32052,40697,48437,30543,17625,15307,15464
35620,310M100US35620,"New York-Northern New Jersey-Long Island, NY-NJ-PA Metro Area",6809482,504574,318996,300136,293719,278467,283217,260218,269660,237581,479086,627784,835516,635787,414610,487176,582955
35660,310M100US35660,"Niles-Benton Harbor, MI Metro Area",62612,5835,4129,4377,4257,3900,3779,3441,3298,2654,5299,5879,6988,3498,2023,1804,1451
35840,310M100US35840,"North Port-Bradenton-Sarasota, FL Metro Area",300209,16982,17739,16732,17833,18474,17725,16912,16688,14785,26231,30584,34755,21257,10626,10854,12032
35980,310M100US35980,"Norwich-New London, CT Metro Area",106590,4198,4031,3911,3978,3804,4746,4836,5603,4404,9155,12060,15698,10883,7160,6681,5442
36100,310M100US36100,"Ocala, FL Metro Area",133966,10258,9685,8607,9772,9629,9616,8855,8155,7481,12411,13662,12664,6003,2382,2250,2536
36140,310M100US36140,"Ocean City, NJ Metro Area",45420,2568,2278,2031,2392,2500,2338,2067,2235,2068,3971,4389,6424,3789,2389,2249,1732
36220,310M100US36220,"Odessa, TX Metro Area",47653,3983,3264,3368,2569,3044,2371,2335,2511,2045,4247,5272,5403,3104,1560,1179,1398
36260,310M100US36260,"Ogden-Clearfield, UT Metro Area",170977,7773,5339,5900,6678,7056,7737,9024,8948,8213,17451,22604,26935,16120,9279,7222,4698
36420,310M100US36420,"Oklahoma City, OK Metro Area",471209,36161,26411,28265,29413,27498,28279,26120,24848,21438,41303,49205,52983,32646,17558,15140,13941
36500,310M100US36500,"Olympia, WA Metro Area",98491,5626,3817,4230,4123,4255,4781,5182,4032,4141,8132,12349,15004,9550,5908,4564,2797
36540,310M100US36540,"Omaha-Council Bluffs, NE-IA Metro Area",327950,18985,16125,14630,17242,17303,17356,16247,16084,14343,27717,37940,46017,29361,15197,12702,10701
36740,310M100US36740,"Orlando-Kissimmee-Sanford, FL Metro Area",768754,44748,37710,39137,44482,45743,46620,43255,42596,35247,70837,84930,91959,56208,30571,28703,26008
36780,310M100US36780,"Oshkosh-Neenah, WI Metro Area",66694,3359,3486,3798,4092,3691,3876,3588,3746,3004,6254,8465,9204,4679,2160,1683,1609
36980,310M100US36980,"Owensboro, KY Metro Area",44614,4017,3130,2958,3127,2733,2468,2508,2381,2454,4130,4527,5261,2151,1288,910,571
37100,310M100US37100,"Oxnard-Thousand Oaks-Ventura, CA Metro Area",264305,9002,9452,9353,9960,9740,9669,9078,11200,8774,19162,26130,37267,30705,19782,22779,22252
37340,310M100US37340,"Palm Bay-Melbourne-Titusville, FL Metro Area",220871,13333,11596,12296,13342,13002,12123,12427,12570,10694,19838,22984,27490,16490,8522,7527,6637
37380,310M100US37380,"Palm Coast, FL Metro Area",36182,2091,1586,2148,2295,2183,2043,2377,2148,1994,3664,4327,4523,2268,1002,707,826
37460,310M100US37460,"Panama City-Lynn Haven-Panama City Beach, FL Metro Area",68807,4141,3801,4197,3525,4071,4650,3869,3949,3602,6395,8188,8206,4578,2398,1831,1406
37620,310M100US37620,"Parkersburg-Marietta-Vienna, WV-OH Metro Area",66550,6283,4977,4540,4534,3939,4016,3826,3242,3209,6450,7019,6886,3837,1593,1150,1049
37700,310M100US37700,"Pascagoula, MS Metro Area",56995,4660,3400,3171,3277,2988,3684,2949,3050,2410,5646,6444,7052,3935,1737,1565,1027
37860,310M100US37860,"Pensacola-Ferry Pass-Brent, FL Metro Area",168173,12859,9414,10183,10033,9873,9646,9731,8412,8495,14543,18087,21679,10690,5467,4804,4257
37900,310M100US37900,"Peoria, IL Metro Area",150501,9467,7189,8045,8449,8066,8025,7538,7694,7078,12974,17192,20652,12275,6067,5003,4787
37980,310M100US37980,"Philadelphia-Camden-Wilmington, PA-NJ-DE-MD Metro Area",2216763,160046,104999,99997,97530,97949,100183,91642,95540,84610,171759,216452,292151,208730,129913,137845,127417
38060,310M100US38060,"Phoenix-Mesa-Glendale, AZ Metro Area",1500828,91540,65774,68726,77335,77085,79885,77382,78565,67743,127568,166626,196673,126390,72667,65389,61480
38220,310M100US38220,"Pine Bluff, AR Metro Area",35414,4484,3244,2717,2195,2392,2227,2172,1869,1507,2502,2982,3473,1833,935,540,342
38300,310M100US38300,"Pittsburgh, PA Metro Area",985385,73896,62915,62790,61652,55913,55459,49561,48612,43275,82540,102631,116876,69407,36662,32780,30416
38340,310M100US38340,"Pittsfield, MA Metro Area",55623,4291,3857,3241,3157,2787,3272,2587,2995,2144,4617,6249,6886,3950,1969,1928,1693
38540,310M100US38540,"Pocatello, ID Metro Area",32458,2246,2274,2071,2181,1994,2241,1718,1706,1508,3089,3684,3970,1914,814,522,526
38860,310M100US38860,"Portland-South Portland-Biddeford, ME Metro Area",211636,12527,10568,9866,10891,10098,10045,10596,10087,10078,18933,25387,30350,17113,9788,8591,6718
38900,310M100US38900,"Portland-Vancouver-Hillsboro, OR-WA Metro Area",850849,50312,39170,38827,41561,41754,43223,40674,41612,39258,74020,95285,115417,74321,42215,38961,34239
38940,310M100US38940,"Port St. Lucie, FL Metro Area",162306,9908,7973,9257,9602,9744,11042,9896,9638,7949,13703,17002,18162,11151,6136,5348,5795
39100,310M100US39100,"Poughkeepsie-Newburgh-Middletown, NY Metro Area",231331,10311,9261,8225,9108,9401,9454,8699,8677,8005,18391,24359,34738,26690,17219,16826,11967
39140,310M100US39140,"Prescott, AZ Metro Area",89109,6616,5733,5166,5862,5745,5656,5622,6090,4579,7750,8926,9497,5153,2417,2190,2107
39300,310M100US39300,"Providence-New Bedford-Fall River, RI-MA Metro Area",621094,46688,38168,32672,31484,27014,29428,26719,27725,24048,49416,61412,84450,55890,32955,30072,22953
39340,310M100US39340,"Provo-Orem, UT Metro Area",138665,6084,5606,5977,6529,6447,7322,7369,7636,6479,13874,17471,20248,12131,6380,5042,4070
39380,310M100US39380,"Pueblo, CO Metro Area",61418,6198,4597,4233,4248,4074,3839,3036,3373,2894,5225,6013,6841,3283,1550,961,1053
39460,310M100US39460,"Punta Gorda, FL Metro Area",71991,4544,3975,4182,4821,4618,4719,4653,4456,4136,7582,7683,7571,4079,1657,1788,1527
39540,310M100US39540,"Racine, WI Metro Area",75546,4495,3364,4069,4515,4124,4332,3706,3277,3180,6979,8992,10368,6400,3080,2715,1950
39580,310M100US39580,"Raleigh-Cary, NC Metro Area",407344,20449,17577,17467,19736,17665,21668,18846,19239,18122,32818,42291,54873,38139,24868,23118,20468
39660,310M100US39660,"Rapid City, SD Metro Area",49653,3277,2690,2403,3104,3208,3609,2909,2792,2728,4873,5297,6100,3213,1223,942,1285
39740,310M100US39740,"Reading, PA Metro Area",153307,8269,7599,8371,8227,8580,8851,7568,8142,6126,13694,18778,20961,12359,6510,5562,3710
39820,310M100US39820,"Redding, CA Metro Area",69100,5235,5828,3675,4786,3736,4249,3932,3991,2718,5796,7467,7825,3673,2202,2270,1717
39900,310M100US39900,"Reno-Sparks, NV Metro Area",162623,9261,7217,8560,7701,7691,9413,7927,7601,7044,14497,17720,21680,14889,8417,6372,6633
40060,310M100US40060,"Richmond, VA Metro Area",471958,27351,21035,19838,21947,21550,23921,23185,24673,20965,40564,51314,65391,41394,24607,23816,20407
40140,310M100US40140,"Riverside-San Bernardino-Ontario, CA Metro Area",1263031,62909,63607,60976,65953,62793,64487,59777,59343,54805,105872,136681,172868,115332,66415,64777,46436
40220,310M100US40220,"Roanoke, VA Metro Area",128818,9217,7315,7138,6878,7851,8229,6581,7244,6687,11245,13988,16726,8275,4481,3706,3257
40340,310M100US40340,"Rochester, MN Metro Area",72166,2921,2847,3301,2978,2758,3601,3200,3628,2959,6311,8708,10849,7405,3777,3651,3272
40380,310M100US40380,"Rochester, NY Metro Area",410637,30519,20579,21675,22716,22131,22767,19998,19694,17976,35770,45804,53928,33442,17293,14966,11379
40420,310M100US40420,"Rockford, IL Metro Area",130374,10343,6795,7881,7371,7093,7474,6713,6762,5601,10828,15041,16767,9714,5138,3423,3430
40580,310M100US40580,"Rocky Mount, NC Metro Area",59363,6657,4887,3828,3913,2947,4060,3352,3283,2979,5055,5439,6049,3041,1712,1098,1063
40660,310M100US40660,"Rome, GA Metro Area",34977,3276,2931,2324,2384,2115,2188,1912,1929,1665,3159,3017,3755,1785,986,728,823
40900,310M100US40900,"Sacramento--Arden-Arcade--Roseville, CA Metro Area",775432,36857,37844,34794,35983,35838,38233,35769,35334,31094,63928,82060,106114,74551,45446,46082,35505
40980,310M100US40980,"Saginaw-Saginaw Township North, MI Metro Area",76764,7568,5168,4751,5022,4713,4310,4296,4278,3533,6709,7866,8466,4814,2327,1708,1235
41060,310M100US41060,"St. Cloud, MN Metro Area",71351,4480,3891,3546,3948,3574,4172,3970,3639,3329,6637,8817,10521,5008,2326,1836,1657
41100,310M100US41100,"St. George, UT Metro Area",45895,2178,2004,2209,2736,2483,2941,2911,2622,2830,5734,5282,5669,2514,1656,1062,1064
41140,310M100US41140,"St. Joseph, MO-KS Metro Area",47630,3806,2894,2902,3393,2903,2944,2731,2843,2524,4619,5167,5320,2769,1295,916,604
41180,310M100US41180,"St. Louis, MO-IL Metro Area",1106719,76751,55955,57782,59816,58002,55701,53977,55453,45899,95390,117803,146225,92300,50415,45970,39280
41420,310M100US41420,"Salem, OR Metro Area",140463,9099,7591,8115,9177,8162,9041,7915,8195,6826,12928,15474,17257,9879,4414,3628,2762
41500,310M100US41500,"Salinas, CA Metro Area",124963,5209,5670,6153,6022,6201,5839,5205,6342,5642,10874,13291,16927,11576,6890,6497,6625
41540,310M100US41540,"Salisbury, MD Metro Area",44629,3168,2544,2283,2732,2617,2223,2800,2567,1882,3921,4841,5697,3223,1593,1339,1199
41620,310M100US41620,"Salt Lake City, UT Metro Area",366393,17411,14936,14947,15969,17493,17743,17911,19095,17648,34424,43461,53350,34151,18560,15580,13714
41660,310M100US41660,"San Angelo, TX Metro Area",42084,3029,2827,3293,3241,2889,2579,2520,2289,1587,3532,4039,4617,2512,1413,802,915
41700,310M100US41700,"San Antonio-New Braunfels, TX Metro Area",726502,60206,39955,38037,42630,41605,39934,36756,37364,31591,62220,74536,89530,53843,29057,26060,23178
41740,310M100US41740,"San Diego-Carlsbad-San Marcos, CA Metro Area",1061789,52540,47066,44108,47194,45811,48881,47457,47661,43587,81927,106242,146620,99639,66216,70873,65967
41780,310M100US41780,"Sandusky, OH Metro Area",31855,2278,2173,1756,1735,1693,1696,2138,2082,1352,2385,3264,4028,2457,1262,890,666
41860,310M100US41860,"San Francisco-Oakland-Fremont, CA Metro Area",1594554,77821,69992,58793,58171,57136,56151,52514,57900,52709,105061,144648,201981,167676,113768,144163,176070
41940,310M100US41940,"San Jose-Sunnyvale-Santa Clara, CA Metro Area",613559,25034,18862,19127,20447,18782,18450,19118,20925,17112,36504,53478,79195,68331,50760,66232,81202
42020,310M100US42020,"San Luis Obispo-Paso Robles, CA Metro Area",102434,6015,5626,4709,5536,4769,5038,4544,4675,4240,7897,11281,13388,8896,5273,5751,4796
42060,310M100US42060,"Santa Barbara-Santa Maria-Goleta, CA Metro Area",141793,7181,6690,6677,6598,6150,6759,6541,6293,6538,11384,15359,16912,12527,8774,8578,8832
42100,310M100US42100,"Santa Cruz-Watsonville, CA Metro Area",93802,5025,4813,3774,4385,3498,4280,3511,3817,3529,7074,8665,12562,9086,5921,6533,7329
42140,310M100US42140,"Santa Fe, NM Metro Area",60144,4503,3178,3187,3699,3013,2916,2758,3001,2291,5152,5880,7330,4826,2851,2650,2909
42220,310M100US42220,"Santa Rosa-Petaluma, CA Metro Area",184033,8152,7891,7938,8679,7818,8590,7726,8847,7038,14186,19793,25851,18318,11534,11215,10457
42340,310M100US42340,"Savannah, GA Metro Area",128396,11345,7106,6915,7933,7096,7315,6384,6593,5636,11288,12884,15486,9465,4817,4615,3518
42540,310M100US42540,"Scranton--Wilkes-Barre, PA Metro Area",228196,18028,16651,16254,15558,14496,13908,11917,11617,10269,20319,23161,25843,14206,6758,4665,4546
42660,310M100US42660,"Seattle-Tacoma-Bellevue, WA Metro Area",1341462,72129,48058,48062,54324,53947,59766,56930,61262,54873,106529,145912,194306,141111,83515,84902,75836
42680,310M100US42680,"Sebastian-Vero Beach, FL Metro Area",57560,3112,3508,3833,3946,3745,3293,2788,3171,2842,5041,6038,5628,3794,1944,1916,2961
43100,310M100US43100,"Sheboygan, WI Metro Area",46572,2006,2602,2403,2475,2703,2648,2668,2951,2246,4112,5933,6765,3688,1562,1118,692
43300,310M100US43300,"Sherman-Denison, TX Metro Area",45545,3067,3085,2399,2908,2693,2485,2879,2379,2188,3908,4999,5910,3057,1368,1329,891
43340,310M100US43340,"Shreveport-Bossier City, LA Metro Area",150600,14809,11742,10986,10168,9537,8632,7604,7882,5973,12007,13302,16179,9000,4667,4260,3852
43580,310M100US43580,"Sioux City, IA-NE-SD Metro Area",54208,3566,3493,3310,3308,3300,3246,3281,3307,2815,4850,6495,6145,3232,1564,1407,889
43620,310M100US43620,"Sioux Falls, SD Metro Area",86818,4408,3889,3797,4664,4439,5108,4639,4681,4330,7860,11368,13165,6458,2745,2565,2702
43780,310M100US43780,"South Bend-Mishawaka, IN-MI Metro Area",120741,8842,7079,8000,8129,7429,7757,6536,6957,5893,10103,12775,13977,7828,3687,3115,2634
43900,310M100US43900,"Spartanburg, SC Metro Area",106397,9314,7798,7641,6514,6787,6404,5572,5648,4597,9455,10990,11578,6448,3043,2749,1859
44060,310M100US44060,"Spokane, WA Metro Area",184590,14217,10049,11135,10854,10756,10953,10084,10205,9016,16371,20086,23049,11667,6316,4831,5001
44100,310M100US44100,"Springfield, IL Metro Area",87024,5773,4614,4537,4738,4741,4931,4078,4220,3786,7456,9734,11974,6766,4274,3038,2364
44140,310M100US44140,"Springfield, MA Metro Area",266784,23029,18271,15767,13746,12406,13309,11956,12336,10897,20877,26672,36577,22542,11661,9420,7318
44180,310M100US44180,"Springfield, MO Metro Area",172468,14044,11356,11856,11560,11532,11130,10072,10200,9454,14980,18347,17835,8930,4347,3730,3095
44220,310M100US44220,"Springfield, OH Metro Area",55145,4444,3688,3259,3809,3476,3061,3155,3249,2638,5313,6219,6248,3096,1573,1170,747
44300,310M100US44300,"State College, PA Metro Area",54971,5532,2974,3357,3005,3185,2742,2853,2840,2406,4660,5388,6444,4221,2060,1561,1743
44600,310M100US44600,"Steubenville-Weirton, OH-WV Metro Area",52250,4885,3945,4151,4114,3466,3482,3385,2725,2579,4224,4814,5225,2812,1169,709,565
44700,310M100US44700,"Stockton, CA Metro Area",212905,11106,12484,11166,10719,9841,12074,11092,9956,9984,17694,22200,27695,18717,10572,10242,7363
44940,310M100US44940,"Sumter, SC Metro Area",38856,4221,2562,2605,3326,2444,2419,2233,2099,2128,3315,3902,3977,1750,848,620,407
45060,310M100US45060,"Syracuse, NY Metro Area",256142,19982,14781,14380,13792,14352,13942,13696,12564,10752,21564,27615,31524,21214,10458,8868,6658
45220,310M100US45220,"Tallahassee, FL Metro Area",141390,18010,7946,7744,8307,7534,7689,7634,7046,5487,11465,12734,16764,9502,5384,4682,3462
45300,310M100US45300,"Tampa-St. Petersburg-Clearwater, FL Metro Area",1123163,76983,64474,68069,71792,68401,67677,64360,63927,51989,98051,112637,127787,74888,39787,37252,35089
45460,310M100US45460,"Terre Haute, IN Metro Area",65424,5951,5112,4320,4561,4486,4185,3724,3372,2943,5376,6950,7183,3537,1837,1009,878
45500,310M100US45500,"Texarkana, TX-Texarkana, AR Metro Area",50150,5316,3556,3387,3562,2705,2783,2668,2853,2372,4396,5241,5078,2743,1253,1267,970
45780,310M100US45780,"Toledo, OH Metro Area",261914,25478,15570,15360,16663,14594,15786,13083,13349,11529,21956,27249,30168,18173,9659,7136,6161
45820,310M100US45820,"Topeka, KS Metro Area",95272,6730,5367,5049,5906,5488,5378,5475,4994,4483,8794,10967,11790,7271,3159,2257,2164
45940,310M100US45940,"Trenton-Ewing, NJ Metro Area",129213,7176,5472,4825,4946,4840,5221,4636,4329,4690,9274,12049,16489,12705,9076,10913,12572
46060,310M100US46060,"Tucson, AZ Metro Area",381880,31558,23090,22764,23541,23260,24148,21130,19610,17226,31267,38003,43507,26209,14195,11570,10802
46140,310M100US46140,"Tulsa, OK Metro Area",361758,27560,21583,21890,21924,21883,22063,20353,19027,15825,31106,37165,43076,24486,12404,10823,10590
46220,310M100US46220,"Tuscaloosa, AL Metro Area",78540,10760,5868,4943,5107,3760,4327,4280,3623,3503,5845,7486,8245,4966,2189,1864,1774
46340,310M100US46340,"Tyler, TX Metro Area",76427,5549,4526,5062,4811,4873,4282,4339,3942,3490,6281,7135,8675,5457,2575,2622,2808
46540,310M100US46540,"Utica-Rome, NY Metro Area",118349,9170,7495,8071,7708,6972,7014,5922,6017,5686,10973,12337,14297,7825,4134,2932,1796
46660,310M100US46660,"Valdosta, GA Metro Area",49266,5435,3357,3532,3584,3375,3178,2704,2349,2429,4601,4531,4916,2466,1159,943,707
46700,310M100US46700,"Vallejo-Fairfield, CA Metro Area",139011,5913,5565,4883,5148,5219,5414,5363,6147,5379,11359,16294,21085,14750,9945,10148,6399
47020,310M100US47020,"Victoria, TX Metro Area",42808,3137,2657,2652,2476,2894,2329,2020,2134,1934,3696,5004,4926,3007,1452,1300,1190
47220,310M100US47220,"Vineland-Millville-Bridgeton, NJ Metro Area",50825,3856,3740,2910,2611,2568,2519,2327,2480,2086,4560,5190,6726,4241,2081,1897,1033
47260,310M100US47260,"Virginia Beach-Norfolk-Newport News, VA-NC Metro Area",620833,34659,24648,27279,27728,28193,32427,30890,31725,28711,57073,72482,89524,56359,31382,28105,19648
47300,310M100US47300,"Visalia-Porterville, CA Metro Area",126664,8979,8408,8579,9159,8592,8210,6522,6402,5675,10916,11861,14170,7689,4792,3976,2734
47380,310M100US47380,"Waco, TX Metro Area",82998,9349,5882,5264,5752,5006,4806,4809,4202,3664,6623,7876,8774,4973,2406,1960,1652
47580,310M100US47580,"Warner Robins, GA Metro Area",50199,3437,2086,2303,2229,2811,2598,2573,2691,2117,3972,6123,8135,4081,1975,2023,1045
47900,310M100US47900,"Washington-Arlington-Alexandria, DC-VA-MD-WV Metro Area",2014467,81845,47594,46277,52414,53578,61754,63615,73332,65803,140011,191883,281332,234151,170642,216529,233707
47940,310M100US47940,"Waterloo-Cedar Falls, IA Metro Area",66261,4724,4373,3771,4078,4151,3975,3068,3985,2905,5986,8122,7973,4207,2311,1418,1214
48140,310M100US48140,"Wausau, WI Metro Area",52708,2235,2382,2713,2933,2917,3081,2872,2973,2503,4846,6746,8033,4013,1979,1401,1081
48300,310M100US48300,"Wenatchee-East Wenatchee, WA Metro Area",40478,2305,2111,2277,2229,2638,2320,2608,2389,1916,4097,4251,5100,2641,1494,1240,862
48540,310M100US48540,"Wheeling, WV-OH Metro Area",61851,5675,5648,4409,4438,4572,4371,3599,3053,2977,5072,5547,6511,2989,1244,1035,711
48620,310M100US48620,"Wichita, KS Metro Area",237351,15308,12861,13917,14598,13316,13822,13229,13448,11153,19878,25743,30026,18177,8465,7494,5916
48660,310M100US48660,"Wichita Falls, TX Metro Area",56415,4333,4213,3061,3352,3731,3313,3650,3121,2993,5448,5457,6486,3291,1340,1166,1460
48700,310M100US48700,"Williamsport, PA Metro Area",46612,3846,3234,3023,3479,2712,3153,2468,2639,2470,4497,5212,4747,2667,1146,688,631
48900,310M100US48900,"Wilmington, NC Metro Area",149297,12607,8617,8511,8717,8366,8499,8539,7908,6887,13098,15783,16805,10236,4997,4808,4919
49020,310M100US49020,"Winchester, VA-WV Metro Area",48534,2955,2611,2395,2869,2724,2669,2613,2500,2352,3916,5262,5998,4613,2003,1804,1250
49180,310M100US49180,"Winston-Salem, NC Metro Area",186111,15145,10786,10929,11547,11813,11550,9648,10079,8690,15824,19354,21021,11768,6263,6097,5597
49340,310M100US49340,"Worcester, MA Metro Area",298162,18099,15175,12274,13315,11734,12847,11538,12223,10903,21687,31385,43019,30326,20695,18172,14770
49420,310M100US49420,"Yakima, WA Metro Area",79075,5786,5293,5732,5543,4688,4419,5359,4533,3944,6792,8474,8555,4567,2327,1610,1453
49620,310M100US49620,"York-Hanover, PA Metro Area",166600,8078,7081,7653,7797,8520,8390,8007,8390,6930,16088,21171,24633,15793,7406,6454,4209
49660,310M100US49660,"Youngstown-Warren-Boardman, OH-PA Metro Area",232168,20217,17606,15679,16431,14766,14547,12660,13140,11143,20450,24527,25055,12755,5674,4223,3295
49700,310M100US49700,"Yuba City, CA Metro Area",55123,2738,3732,3568,2987,3555,3223,2830,2669,2685,5082,5835,6904,3990,2100,2002,1223
49740,310M100US49740,"Yuma, AZ Metro Area",69563,5565,4870,4646,5625,5075,4935,3775,4184,3313,6227,7017,7137,3378,1629,1383,804
