GEO.id2,GEO.id,STATE,POP_TOT,POP_MALE,POP_M_18_24,POP_M_18_24_E1,POP_M_18_24_E2,POP_M_18_24_E3,POP_M_18_24_E4,POP_M_18_24_E5,POP_M_18_24_E6,POP_M_18_24_E7,POP_M_25_34,POP_M_25_34_E1,POP_M_25_34_E2,POP_M_25_34_E3,POP_M_25_34_E4,POP_M_25_34_E5,POP_M_25_34_E6,POP_M_25_34_E7,POP_M_35_44,POP_M_35_44_E1,POP_M_35_44_E2,POP_M_35_44_E3,POP_M_35_44_E4,POP_M_35_44_E5,POP_M_35_44_E6,POP_M_35_44_E7,POP_M_45_64,POP_M_45_64_E1,POP_M_45_64_E2,POP_M_45_64_E3,POP_M_45_64_E4,POP_M_45_64_E5,POP_M_45_64_E6,POP_M_45_64_E7,POP_M_65_OVER,POP_M_65_OVER_E1,POP_M_65_OVER_E2,POP_M_65_OVER_E3,POP_M_65_OVER_E4,POP_M_65_OVER_E5,POP_M_65_OVER_E6,POP_M_65_OVER_E7,POP_FEMALE,POP_F_18_24,POP_F_18_24_E1,POP_F_18_24_E2,POP_F_18_24_E3,POP_F_18_24_E4,POP_F_18_24_E5,POP_F_18_24_E6,POP_F_18_24_E7,POP_F_25_34,POP_F_25_34_E1,POP_F_25_34_E2,POP_F_25_34_E3,POP_F_25_34_E4,POP_F_25_34_E5,POP_F_25_34_E6,POP_F_25_34_E7,POP_F_35_44,POP_F_35_44_E1,POP_F_35_44_E2,POP_F_35_44_E3,POP_F_35_44_E4,POP_F_35_44_E5,POP_F_35_44_E6,POP_F_35_44_E7,POP_F_45_64,POP_F_45_64_E1,POP_F_45_64_E2,POP_F_45_64_E3,POP_F_45_64_E4,POP_F_45_64_E5,POP_F_45_64_E6,POP_F_45_64_E7,POP_F_65_OVER,POP_F_65_OVER_E1,POP_F_65_OVER_E2,POP_F_65_OVER_E3,POP_F_65_OVER_E4,POP_F_65_OVER_E5,POP_F_65_OVER_E6,POP_F_65_OVER_E7
1,0400000US01,Alabama,3718646,1773950,241337,5870,39399,80453,94006,7677,13241,691,305013,12824,36245,95589,72272,20892,48954,18237,297360,13519,33522,92214,65143,22640,46701,23621,620929,29339,67819,206754,129643,44008,88359,55007,309311,31227,35010,95563,57662,13176,42190,34483,1944696,237958,3738,28554,65062,107507,11910,19600,1587,316579,8662,27891,73955,82011,31715,64460,27885,312055,9823,23808,76827,74436,36594,56684,33883,668089,22026,58789,208372,155124,64159,97161,62458,410015,39465,59922,156021,74889,18151,34303,27264
2,0400000US02,Alaska,545248,287259,46115,499,7013,18445,16778,1501,1806,73,60647,732,3895,19633,18930,4936,9721,2800,47646,785,2029,15726,13119,3611,7787,4589,100485,2234,4899,30925,28324,7855,15901,10347,32366,2508,2000,8166,8185,1545,5313,4649,257989,34693,190,5311,12098,12757,1417,2805,115,53531,802,2569,12187,16676,4496,12630,4171,43970,611,1722,9896,12075,4371,9797,5498,92455,2152,3761,24109,25359,9064,16983,11027,33340,3679,2115,8682,8315,1841,5069,3639
3,0400000US04,Arizona,5024639,2473872,343092,7873,59352,114118,127623,14305,18557,1264,455242,21072,48664,119425,123072,37308,76995,28706,420309,29450,39712,98412,102034,35075,74505,41121,787155,49887,57684,193206,196594,66967,136117,86700,468074,33185,28603,107236,112563,29089,85449,71949,2550767,320243,6202,43463,89433,135276,18769,25259,1841,430931,16475,35127,90873,118500,44026,89217,36713,413103,25733,33402,84516,102870,38953,81577,46052,834489,50299,53258,198385,223291,83545,139755,85956,552001,45314,41380,171712,139791,35606,69810,48388
4,0400000US05,Arkansas,2250387,1089826,146323,2889,20342,53321,56076,5405,7801,489,192463,7030,18730,68343,47880,11396,28873,10211,182252,9100,17004,66712,38630,11199,26067,13540,368413,19387,37677,141792,77587,19222,46451,26297,200375,21154,21882,68146,39891,6384,24231,18687,1160561,141323,1590,15167,40638,64245,7537,11296,850,192205,5699,14303,50903,52024,18661,34713,15902,184397,7334,12944,51732,44815,17696,32510,17366,389348,15967,31930,135420,90786,30497,54404,30344,253288,25290,33668,102229,49127,8471,20492,14011
5,0400000US06,California,29247121,14399409,2063062,46175,286970,646770,848761,81010,142655,10721,2878392,177775,285276,691622,687274,197242,608609,230594,2596114,257645,269652,554632,520836,168851,509655,314843,4749737,507054,380462,973437,1037348,357332,895813,598291,2112104,264014,144348,391428,412761,151013,393283,355257,14847712,1926201,27086,193628,503751,879749,109281,198496,14210,2735946,132407,205473,510094,656938,238585,696304,296145,2581815,238918,226014,465488,526460,211110,564261,349564,4918534,541477,343943,966903,1114130,460029,944133,547919,2685216,413231,211952,678220,561140,186160,390538,243975
6,0400000US08,Colorado,4037050,2013463,269367,4230,39032,81425,111521,9859,21779,1521,405249,13945,29568,95753,97353,31491,104461,32678,367808,17787,23172,72849,80013,29675,93583,50729,679805,25461,32623,153835,150035,56604,156785,104462,291234,15083,15510,63526,60480,15558,62556,58521,2023587,247506,3068,27889,62346,109212,11487,31517,1987,377296,9071,20319,64824,85766,35677,113934,47705,348980,13514,17402,56327,71833,34052,96342,59510,696199,21209,28623,150981,161143,69890,164477,99876,353606,19811,24124,109230,84199,19854,55839,40549
7,0400000US09,Connecticut,2808486,1350339,178091,3702,21838,57857,68165,5717,19165,1647,219412,7810,13253,61950,44049,13325,53830,25195,219088,8842,12264,60340,37842,13553,48779,37468,501887,16957,27330,147136,85938,33193,104780,86553,231861,18755,19866,63861,33153,11003,40935,44288,1458147,167540,1736,14979,41147,76335,6992,23832,2519,217266,4246,9910,41672,43514,17239,60580,40105,229752,5720,10450,46299,41869,21613,56658,47143,533172,16172,23607,135749,97397,55395,113337,91515,310417,27223,27452,116966,46367,17968,37102,37339
8,0400000US10,Delaware,722300,344736,45858,1272,7099,15580,16295,1676,3333,603,59535,2901,5596,17426,12328,4025,11938,5321,54172,2580,4070,16618,10727,3592,9804,6781,119999,3684,9246,40946,23084,8096,20783,14160,65172,4082,6129,19642,11607,3548,9902,10262,377564,45324,625,4577,12873,19629,2022,5152,446,60577,1993,4301,12889,14073,4900,14144,8277,57257,1972,2761,14201,11117,5314,13066,8826,132370,3207,7547,41756,27210,13005,23181,16464,82036,4546,8758,32758,14397,5124,9323,7130
9,0400000US11,District of Columbia,536179,250627,37675,661,4718,9571,14869,711,6623,522,68011,1727,3062,8582,7036,1627,24098,21879,44906,2039,1812,7062,5495,1413,10654,16431,70392,3501,5909,15739,10730,2345,12923,19245,29643,2620,3195,5707,3788,676,4074,9583,285552,44552,310,2929,9000,19117,1411,10728,1057,77466,1254,2552,8233,8403,1639,25529,29856,45035,1501,1427,7799,6042,1692,9600,16974,74843,3295,6326,16973,13235,3204,12844,18966,43656,3439,4771,11602,7304,1444,6158,8938
10,0400000US12,Florida,15604649,7534587,913528,23910,149695,304898,310679,66279,54106,3961,1244177,57007,119271,378915,270398,125422,215788,77376,1202796,60764,103124,359307,236384,116742,217580,108895,2539646,116380,207312,771418,510895,221384,447056,265201,1634440,130989,132710,438334,316548,92404,287354,236101,8070062,866916,12990,105328,229952,338139,94028,79359,7120,1224768,34909,76298,289300,277254,156107,277405,113495,1224499,42151,73429,300772,257065,154773,256313,139996,2737328,110671,176266,804798,597345,305496,480584,262168,2016551,184186,188799,731408,392806,124516,236475,158361
11,0400000US13,Georgia,7515613,3613893,519649,13465,92020,174498,190904,15793,30989,1980,676044,34791,75010,197343,152310,43358,127818,45414,673241,37424,62521,191729,136829,44426,128938,71374,1231214,57454,115646,371441,244457,80202,225147,136867,513745,52201,53798,146888,90494,23559,81646,65159,3901720,495759,7284,65736,140030,214405,20846,43844,3614,691240,23715,54731,148000,169872,61119,157986,75817,708954,28279,46444,155981,160119,67060,151532,99539,1329045,49470,101525,386311,290272,116932,234190,150345,676722,69785,85903,248231,122282,28809,70929,50783
12,0400000US15,Hawaii,1098102,551739,75207,781,5724,31939,28375,3926,4146,316,109577,1216,4920,34463,29698,11957,21564,5759,89875,1660,4280,25850,20703,10346,18241,8795,179196,5369,8279,50016,40282,19443,35792,20015,97884,7831,6534,28060,17592,6732,17296,13839,546363,60843,456,4069,19421,25868,4151,6504,374,95986,866,3635,21189,24234,11339,24992,9731,85612,1218,2798,20150,18663,10464,21104,11215,182156,6967,7203,46614,39832,21064,39712,20764,121766,14393,9138,41994,20809,7537,17309,10586
13,0400000US16,Idaho,1186901,590101,80347,1145,11502,29811,31120,3370,3188,211,108215,3341,7873,31883,30506,9797,18924,5891,100360,4888,6945,26211,24892,8608,19376,9440,196766,8868,12140,54099,49769,18877,33925,19088,104413,6063,7963,27459,26290,5967,17275,13396,596800,75806,777,8096,22866,33067,4813,5662,525,104168,2753,6071,24802,30180,11960,21635,6767,97654,3417,4929,22568,25653,11377,21802,7908,200771,7145,9746,54217,58301,21038,34947,15377,118401,5699,10665,41997,32109,7093,14351,6487
14,0400000US17,Illinois,9850027,4774593,637720,11107,89018,195271,243546,32574,61672,4532,893417,33304,62852,219749,196319,68329,223205,89659,842090,45910,56928,213926,172550,61618,181019,110139,1656946,84402,108380,467289,358721,124291,304893,208970,744420,67976,64827,230429,140403,32061,106308,102416,5075434,612129,6764,62536,154179,260986,38707,82027,6930,888147,24506,45298,162630,190458,77914,256101,131240,846572,38758,45382,174507,172294,83319,198313,133999,1735018,79965,90851,456870,395160,166416,333180,212576,993568,93362,95616,382909,190872,44956,108768,77085
15,0400000US18,Indiana,4981994,2423260,339568,8241,57331,114306,125464,9739,22605,1882,421971,15598,39082,130244,96607,34447,79054,26939,414093,17010,31351,134533,89238,37485,70854,33622,852132,29289,65598,321355,172190,64095,125348,74257,395496,27872,39509,152283,71893,15905,42770,45264,2558734,326153,5458,42929,90256,141462,12386,31881,1781,418696,12093,30944,90216,104058,47197,96812,37376,413346,12633,24857,104682,94700,50221,85963,40290,882904,25350,57240,320222,185601,86265,128875,79351,517635,33023,63405,240767,86939,20020,35071,38410
16,0400000US19,Iowa,2366903,1162790,163273,2436,17786,47381,70162,11851,12963,694,199003,4990,11656,53803,44808,25726,44655,13365,183941,5437,9790,52058,41420,22854,35172,17210,407544,11191,20631,146422,86947,41341,66780,34232,209029,13999,15364,86114,36776,8684,26432,21660,1204113,154286,1932,13042,34705,73753,12476,17398,980,190901,3977,7397,32964,43847,30094,53938,18684,179850,5143,6264,35141,38696,28795,45076,20735,408337,8997,15322,126111,95550,55534,72554,34269,270739,14872,19514,127635,52766,14300,27827,13825
17,0400000US20,Kansas,2169470,1070080,157105,2617,20071,46846,66859,8883,11225,604,197404,6608,14860,49719,50636,16904,43540,15137,175410,7601,11696,42273,42798,14668,36718,19656,362932,12748,20098,106893,86626,24728,70186,41653,177229,10275,10740,58791,37639,7007,28906,23871,1099390,142667,1429,14127,33769,67154,9964,14938,1286,187915,5111,10936,32761,46665,20500,50856,21086,170392,5941,8686,31871,39311,19229,42240,23114,371350,10821,15902,96691,95036,34977,74479,43444,227066,13564,17319,86584,53561,10710,27295,18033
18,0400000US21,Kentucky,3381288,1643332,219043,4217,31776,83091,78728,7849,12400,982,283543,9623,25045,96722,66495,20917,45938,18803,282569,11348,25025,100605,61310,18927,40073,25281,582236,35237,60272,219108,111174,34315,72920,49210,275941,47235,30412,87687,45478,8792,28750,27587,1737956,207029,2832,21338,61839,91699,10459,17321,1541,282406,6846,19310,63718,75411,31659,55327,30135,281775,8118,18789,73204,65144,33863,48650,34007,609712,26777,47397,212562,130018,59346,71644,61968,357034,51939,44337,140247,58270,13590,23252,25399
19,0400000US22,Louisiana,3510657,1693183,237934,8643,43772,80451,86399,4759,12703,1207,327508,14509,42321,106975,72244,19241,53890,18328,280899,13078,32660,98632,59777,15646,41347,19759,581915,36417,67702,215448,119810,24508,76218,41812,264927,33335,29549,85848,48987,6433,33764,27011,1817474,232682,4778,32311,67437,100124,7519,19308,1205,330310,9118,29848,82133,86551,26238,70561,25861,286602,6819,24120,80676,67782,25090,54727,27388,620138,24554,55731,223695,135741,40968,89481,49968,347742,38863,46308,137749,59289,10336,31054,24143
20,0400000US23,Maine,1066847,515621,58322,667,6522,19468,24168,2614,4594,289,74523,987,4772,24378,17583,6991,15716,4096,78080,1001,3866,26958,16931,8566,14675,6083,199559,4495,11671,73779,38242,18240,33503,19629,105137,9156,7808,33934,16123,5274,17465,15377,551226,55748,425,5505,15617,25309,2506,6128,258,76050,986,2466,18244,19078,8035,20097,7144,80598,826,2531,20409,16951,10851,19619,9411,209859,3449,7181,66892,42957,24964,39954,24462,128971,8180,10230,51962,21995,7674,17346,11584
21,0400000US24,Maryland,4582258,2185431,287608,5985,34010,92524,113101,12091,28236,1661,402379,18312,28888,102535,85894,22728,95470,48552,374728,18220,22375,92949,72770,21113,79429,67872,781573,25803,51047,216359,150422,43802,151713,142427,339143,23502,31402,87999,54535,12332,57097,72276,2396827,276191,3766,23657,71795,121786,13308,38599,3280,410933,12421,19921,76219,87757,31539,109893,73183,399527,13317,16948,76939,76243,32039,95845,88196,858168,22508,42910,218947,177585,70396,177208,148614,452008,33202,46652,154653,80001,22305,59784,55411
22,0400000US25,Massachusetts,5307957,2535663,347788,4580,39756,107248,137224,10199,44868,3913,451392,13037,24884,106035,78401,26519,134366,68150,414404,14440,21858,104460,64896,26511,103100,79139,902821,38995,47537,255004,145860,62644,197212,155569,419258,36964,33714,113867,59258,24687,67838,82930,2772294,349659,3707,26250,85286,160069,11656,57181,5510,459345,9282,17897,72026,77925,33487,149120,99608,434007,12612,18182,81516,70975,43009,111855,95858,963123,39279,41051,229589,165173,103676,215034,169321,566160,55446,45927,206878,83306,36600,70625,67378
23,0400000US26,Michigan,7650918,3710471,508207,7960,74101,155412,210147,21292,36581,2714,596386,14970,47609,169101,152386,49243,116733,46344,598469,15742,42912,172314,144808,49531,107846,65316,1356589,34858,94855,428742,327436,113887,212813,143998,650820,41463,64812,204224,134464,35098,86470,84289,3940447,490046,5559,49603,124912,230515,27120,48944,3393,594316,12163,36055,113678,163842,67018,139315,62245,608449,14046,31668,129514,150589,73168,128207,81257,1415591,29597,76651,426081,347888,163195,223801,148378,832045,50406,85650,344728,162323,44058,79751,65129
24,0400000US27,Minnesota,4138469,2037354,257111,3048,33732,75779,104764,14941,23944,903,375140,8047,20362,88860,82475,46287,99198,29911,339196,8499,16805,76659,74381,39650,82737,40465,731359,15189,30370,210007,163711,77004,151571,83507,334548,22727,21773,109427,64222,15644,55873,44882,2101115,248366,2548,24683,56790,111201,17043,34818,1283,365543,7703,13712,54389,76755,52510,115971,44503,331545,9155,10579,51097,71018,46710,92307,50679,736680,16442,21369,184515,178772,89592,162045,83945,418981,25618,26423,171732,84712,22845,58613,29038
25,0400000US28,Mississippi,2251908,1075872,158330,3992,28702,50069,58798,8941,7379,449,191560,8322,25749,59379,47463,15823,25513,9311,181857,7514,22211,60690,42095,14593,22497,12257,366193,23514,46056,121971,81098,26193,42288,25073,177932,24610,21853,51187,33647,6912,21281,18442,1176036,153213,1811,18105,39894,70669,12183,9503,1048,196860,5072,17140,44798,51811,26025,35506,16508,190727,5359,15608,45100,48537,25167,31830,19126,398335,16924,39568,121580,93413,40899,53073,32878,236901,27243,35833,82881,44414,11113,19242,16175
26,0400000US29,Missouri,4644769,2246844,300366,5813,40296,100056,117488,13375,21822,1516,398292,10567,31898,115756,96987,31611,78353,33120,364803,10313,28762,109193,81921,29296,68089,37229,788750,22129,65481,270365,175427,52725,124594,78029,394633,31653,35903,136313,76795,14542,53266,46161,2397925,292103,3605,30626,76430,130272,17863,30622,2685,398869,7986,23805,81455,99620,40934,98164,46905,368040,8706,22409,82979,87884,37273,79002,49787,828945,19681,55637,257502,197707,72680,138104,87634,509968,40039,54848,213357,100676,20576,45882,34590
27,0400000US30,Montana,790309,394983,52394,970,7511,18645,20737,2063,2316,152,65467,1059,4342,19428,17476,5511,14215,3436,58310,788,2437,17631,14373,5719,11981,5381,141178,2074,6889,46671,35101,11611,25364,13468,77634,3995,4810,24216,16450,3230,14075,10858,395326,47467,590,5786,13936,20919,2057,3998,181,61769,626,3019,14167,15633,5797,16629,5898,56310,586,1983,12220,13176,6223,15152,6970,143133,1832,5733,40859,38208,15015,28300,13186,86647,3551,6177,32834,20762,4788,12383,6152
28,0400000US31,Nebraska,1404408,690943,96674,1676,11195,27449,42115,5856,8040,343,128507,4807,8431,29293,31184,15613,29972,9207,113880,5694,6558,26749,26895,12789,23766,11429,235815,8762,11105,69910,54417,24678,43055,23888,116067,7035,7878,42272,24654,5115,16391,12722,713465,92334,981,8333,20279,44982,6055,11134,570,123451,4132,6080,19944,30087,14824,34593,13791,110468,4825,5356,18843,25633,13504,27724,14583,239217,6711,8495,64647,61887,27338,46211,23928,147995,7898,9707,62791,36121,6902,16446,8130
29,0400000US32,Nevada,2137056,1069529,129614,2850,26550,47511,42834,5099,4358,412,204705,8982,22542,63465,54871,15255,30774,8816,194357,13873,19476,56536,48890,13768,28330,13484,361025,22968,28755,102522,94941,27937,53253,30649,179828,11332,13118,45999,44729,12175,30173,22302,1067527,123205,1931,18605,39763,48277,6089,7785,755,195834,6730,20360,48797,55073,17080,35248,12546,187770,12820,16194,47627,47742,17128,30328,15931,359840,24237,24618,101315,93374,31533,54555,30208,200878,15887,19005,65854,50267,12964,22849,14052
30,0400000US33,New Hampshire,1052521,514976,64667,982,7211,22199,25063,2507,6357,348,76796,1008,5257,22876,16625,6469,19243,5318,80748,1206,4516,23224,14936,7184,19473,10209,201868,4249,10472,62933,37344,18239,42066,26565,90897,5436,6828,25863,15020,5668,16348,15734,537545,62709,802,4795,15963,29955,2691,7712,791,74633,853,2977,15861,15263,7144,22194,10341,82326,929,2002,17279,16182,10646,21417,13871,206810,3297,7449,55555,41328,25700,45691,27790,111067,6018,8562,42852,19518,7631,15616,10870
31,0400000US34,New Jersey,6881100,3310034,407820,9224,48080,126664,157467,18090,44731,3564,574320,28546,30284,155171,107853,35601,154245,62620,584694,29370,34595,159487,97109,33386,141845,88902,1201781,50549,69828,348771,210916,69014,269103,183600,541419,47531,49004,162722,78687,19031,95978,88466,3571066,381785,4953,34789,96917,160333,22290,56693,5810,567056,17701,23283,112043,103729,42655,176059,91586,602383,23552,26688,130359,100394,48307,167972,105111,1282038,51243,60770,369294,230295,106183,291721,172532,737804,76216,74293,303715,100592,30872,90278,61838
32,0400000US35,New Mexico,1577427,774080,108810,2290,20920,33785,43814,3976,3691,334,142403,6569,17786,41911,38487,11052,17899,8699,123183,7497,12686,35853,29401,10194,16196,11356,260283,18079,21739,74348,56952,18792,39247,31126,139401,16153,10835,32282,27901,6519,20839,24872,803347,100795,2123,15537,25064,46558,5262,5687,564,134249,4012,12291,28034,39554,16006,23054,11298,122318,6240,11186,28316,28452,12418,21035,14671,278908,16625,18897,72394,66427,24393,43676,36496,167077,20512,15453,48186,35474,7841,20352,19259
33,0400000US36,New York,15421400,7367176,1002737,22908,128105,283675,390287,54735,112952,10075,1391208,61231,109363,326880,251635,110324,364829,166946,1239681,73746,95272,322073,205142,104043,259858,179547,2544376,149168,197510,739862,438317,212190,457985,349344,1189174,132115,115954,347991,170594,61328,168185,193007,8054224,982868,14686,92049,225800,413468,65605,152117,19143,1412404,45573,85767,243825,231212,130397,416832,258798,1289116,62338,84023,264416,201414,139691,287389,249845,2738575,160851,182037,744057,459730,301556,477349,412995,1631261,209369,165800,599790,218265,84822,171650,181565
34,0400000US37,North Carolina,7561498,3630014,507416,13893,76462,167793,194927,17908,34187,2246,629291,33759,63010,168218,151024,46571,122923,43786,643013,39626,57006,169142,137470,51505,124352,63912,1245108,59308,118152,367334,258003,102199,215360,124752,605186,60483,66803,168045,108235,34224,91526,75870,3931484,471781,6833,52316,122220,214097,23367,49589,3359,648076,23893,43465,115020,164642,68479,162212,70365,668889,27143,40016,126826,154269,82124,155468,83043,1346732,43080,89815,361064,308470,158562,250160,135581,796006,68143,100563,280346,153764,45735,91586,55869
35,0400000US38,North Dakota,558628,284967,48852,349,4478,14505,21463,4143,3765,149,55968,587,2607,14330,14202,8859,11768,3615,41969,529,1670,11005,9613,6702,8594,3856,92522,1496,4432,28720,22007,12942,16198,6727,45656,6876,3005,14515,9458,2334,5852,3616,273661,41746,373,3138,9199,20035,3283,5474,244,47400,438,1480,7939,10274,7482,15042,4745,38056,468,764,6785,8631,6716,10778,3914,89475,1320,2512,23586,22297,13696,19028,7036,56984,6439,4082,21368,13109,3221,6686,2079
36,0400000US39,Ohio,8919958,4303952,559031,10176,79706,191762,215691,19289,40070,2337,726403,17992,56199,218694,172697,56113,147337,57371,706851,16811,51467,229784,153591,55246,127908,72044,1559579,36707,113826,581815,311316,116018,245258,154639,752088,49964,82822,275461,133770,29481,96197,84393,4616006,543419,7179,60626,150964,240476,23039,56078,5057,726850,14295,43790,157385,174665,82922,169302,84491,715886,13352,36594,180014,157911,88980,147758,91277,1634658,32738,104526,571376,344500,171207,252835,157476,995193,59212,119302,454787,166955,43195,92168,59574
37,0400000US40,Oklahoma,2901825,1421563,201033,5382,31893,71794,73142,6963,11119,740,267900,11215,24335,85981,67508,18807,45955,14099,236774,10884,21566,77039,55713,16713,37751,17108,474035,20606,41895,157644,109355,31463,73890,39182,241821,17147,22783,74017,53385,11534,35306,27649,1480262,188400,3023,24962,54496,78796,10331,15690,1102,259462,7332,19460,64752,68467,24678,56226,18547,233605,8702,15615,60781,56412,24072,47156,20867,493418,15862,36194,156302,121092,41783,79797,42388,305377,19384,35221,119625,67754,13085,29307,21001
38,0400000US41,Oregon,3078882,1508129,185227,3232,26488,59859,76788,7023,11171,666,271331,10038,21630,69603,73602,21305,55638,19515,260217,12938,18283,60310,61098,21652,54454,31482,516802,19846,31552,128758,137271,44670,94946,59759,274552,12664,17954,67140,67419,17446,47961,43968,1570753,178683,1911,19118,48729,81538,9605,16696,1086,267273,7542,14665,51647,73210,24488,66940,28781,252946,11693,13869,46771,60887,24054,59256,36416,539526,18384,27107,127148,151837,55824,97288,61938,332325,15120,24012,107742,89283,19453,46151,30564
39,0400000US42,Pennsylvania,10057325,4851671,630003,10939,78721,219093,236715,24192,57041,3302,811437,21341,57040,254472,147599,67042,190069,73874,764894,21626,49288,261733,128250,64376,149129,90492,1754130,47055,119680,687502,282328,131388,288871,197306,891207,62330,96157,348342,123669,35756,114241,110712,5205654,613210,7858,58555,176075,258420,29487,76740,6075,797418,16210,41880,181755,147811,79623,215657,114482,771494,16595,35944,204536,139523,88403,171780,114713,1830353,42375,100611,684788,313964,182678,303219,202718,1193179,82339,139530,584861,152544,49131,102256,82518
40,0400000US44,Rhode Island,838642,400161,58773,664,6850,17501,24862,2431,5999,466,68368,2540,5416,19122,14847,4255,15857,6331,62867,3279,4399,17423,12371,5367,12094,7934,141625,7529,10711,40916,24104,12045,27310,19010,68528,7498,7570,17813,9612,3527,11281,11227,438481,59228,417,4780,15368,27505,2778,7761,619,67277,1666,3848,13209,15821,6038,17899,8796,65232,2519,3463,14294,13359,6705,14977,9915,152983,7560,8348,40007,29454,18095,28830,20689,93761,10954,12447,34204,13461,5028,9257,8410
41,0400000US45,South Carolina,3695743,1771891,249701,4515,39684,84286,96189,8923,15248,856,304510,11017,34418,93098,70440,23318,54820,17399,291473,11228,28539,89856,62711,24692,50072,24375,606151,27496,62608,193586,118054,52382,98408,53617,320056,32800,32373,86779,54562,19173,52348,42021,1923852,236035,2019,27961,66778,106131,9543,22100,1503,310179,8003,24340,66509,80145,33425,66229,31528,303473,7873,19826,72528,70149,37182,60082,35833,667442,20321,51125,207168,144819,73174,105369,65466,406723,39957,51406,146134,73328,23925,43021,28952
42,0400000US46,South Dakota,635524,316910,43927,1028,6621,14185,16376,2842,2760,115,57264,1242,3950,16969,12413,7940,11591,3159,49205,1219,2554,14591,11193,5982,9605,4061,110017,3024,5418,39423,23536,11326,18907,8383,56497,6099,3800,20336,9680,2080,8300,6202,318614,40558,552,4807,10478,18216,2749,3647,109,53467,1203,2551,10768,12468,7512,14376,4589,46578,1040,1696,9604,10538,6776,11729,5195,108895,2056,3717,32298,26214,14128,21820,8662,69116,5557,4787,28533,14725,3292,8400,3822
43,0400000US47,Tennessee,5006729,2406183,316411,5482,40550,124374,115062,10012,19903,1028,419923,14639,37363,140878,96771,24613,77713,27946,416812,16588,37751,142864,86466,25404,69078,38661,837689,43438,79018,295173,166828,50484,128128,74620,415348,51699,45016,127160,74822,15998,55314,45339,2600546,310282,3878,29104,99120,131297,12863,31495,2525,429095,10188,27969,111076,102657,35541,96212,45452,426698,11840,27987,116475,94886,39954,85541,50015,899494,32915,67239,305325,199767,75996,137505,80747,534977,65521,66967,206515,96476,19493,47021,32984
44,0400000US48,Texas,19479604,9568202,1401160,39683,230689,466658,530907,48076,78793,6354,1944076,117343,201552,542996,472962,129424,349726,130073,1795464,154802,187231,443221,389330,120148,323815,176917,3116345,300776,270195,796232,661174,201977,559998,325993,1311157,183241,105227,298358,267829,59543,227494,169465,9911402,1313301,22073,171421,366695,566940,61384,115230,9558,1896274,82270,160721,412434,490007,144987,438530,167325,1806998,137243,162117,386255,406548,142880,378524,193431,3237754,294753,251133,826660,739891,248310,587462,289545,1657075,253885,165408,514161,346917,71786,188833,116085
45,0400000US49,Utah,2005861,998354,167308,1788,22250,55145,71515,10311,5904,395,224323,4521,15806,52765,63886,21560,48880,16905,190952,7122,12124,43569,45307,16376,40742,25712,285951,9310,15762,63320,75965,23879,56956,40759,129820,4255,7452,26919,33452,7795,25844,24103,1007507,164355,1548,16310,41952,72316,16946,14880,403,217122,4414,11949,44148,60217,27186,54836,14372,182893,6603,9157,37716,48773,22826,42744,15074,290162,8568,14221,69460,86319,31221,54201,26172,152975,5199,10370,50229,44008,9432,23257,10480
46,0400000US50,Vermont,503333,245151,34334,274,3245,10611,15543,905,3685,71,35570,519,2640,12189,6061,2493,8739,2929,36287,671,2317,11236,6483,3021,8346,4213,92638,1827,5388,32849,15563,7232,17323,12456,46322,3840,3330,13803,6433,2587,7480,8849,258182,32342,184,2480,8064,16096,1287,3938,293,35709,407,1359,7871,7114,3035,11233,4690,37054,223,1099,7968,7322,3976,10230,6236,97126,1452,3291,26317,17905,10511,21868,15782,55951,3598,3824,19037,9122,3726,9486,7158
47,0400000US51,Virginia,6391962,3107836,424117,6098,45530,145236,169931,15724,39095,2503,583218,19305,35918,151364,133242,39514,138339,65536,542964,20803,35421,135919,101543,36661,119310,93307,1074564,45291,82919,280599,203701,68418,208290,185346,482973,50960,43937,117134,79013,21094,77388,93447,3284126,401472,3799,35043,106118,178095,20885,52209,5323,570856,13354,26140,103221,125032,50159,160951,91999,552046,16146,25412,104316,109269,52368,139131,105404,1141064,38707,65595,285391,241125,103671,241960,164615,618688,60866,68160,203807,116936,31725,81988,55206
48,0400000US53,Washington,5388888,2670389,346578,6257,53976,116003,121548,21268,25701,1825,513485,17926,37825,130259,123467,47245,113268,43495,464391,22002,28830,104046,105332,45902,101100,57179,916637,34026,48174,214732,225097,90219,187109,117280,429298,21097,24427,99977,97549,27205,86401,72642,2718499,320872,3972,37227,86480,127211,26478,37518,1986,487644,13877,25898,96346,120574,54300,124320,52329,451669,18128,21822,83849,103793,53072,106946,64059,939296,33021,39303,209395,248732,107980,189811,111054,519018,29503,35732,159235,134919,34492,77698,47439
49,0400000US54,West Virginia,1469047,718083,87721,1060,11608,36188,31419,2395,4742,309,110994,1557,9458,44762,23938,7000,16586,7693,116426,3225,10204,50195,22451,7735,14867,7749,260580,12759,27673,116083,44285,12690,28610,18480,142362,18499,18203,55418,21357,4354,12911,11620,750964,83208,981,9763,25563,34638,3738,7737,788,107376,1399,7578,31072,26500,11342,19715,9770,114772,2210,7464,37078,25591,13640,18548,10241,268664,9277,22774,112839,48981,22589,30329,21875,176944,19124,23950,81108,26875,6208,10811,8868
50,0400000US55,Wisconsin,4432794,2181521,284924,4602,34741,98512,109756,13253,22791,1269,370958,9652,22543,108743,86470,40327,78958,24265,352551,9606,21629,104208,74420,39505,69480,33703,796531,18558,47137,274024,166208,80503,134635,75466,376557,24926,31793,140810,68135,17994,49629,43270,2251273,274751,3405,24426,75805,125433,13338,30672,1672,358323,6730,15167,69881,86339,44501,100006,35699,344438,8303,14516,73592,75537,47170,82016,43304,802121,15194,34267,250990,179781,98184,145528,78177,471640,28001,39406,217275,81100,22298,53606,29954
51,0400000US56,Wyoming,441946,224511,30735,312,4274,10831,11865,1914,1470,69,42467,747,2734,13743,10921,4462,7890,1970,36126,578,1775,11255,10148,3790,5778,2802,78488,1419,4145,25249,20618,7618,12430,7009,36695,1618,2736,11627,8171,1942,6159,4442,217435,26939,407,2608,7639,12003,2160,2010,112,38815,528,2193,7930,11589,4488,8770,3317,33424,455,1164,7887,8862,4918,6974,3164,76952,879,3789,20755,21995,9384,12348,7802,41305,1469,3337,14426,11175,2953,5438,2507
